genome	denovo_gene	outgroup	noncoding_match_contig	noncoding_match_start	noncoding_match_end	noncoding_match_strand	intergenic	f+0	f+1	f+2
GCA_000018365@Thermococcus_onnurineus_NA1	TON_RS10395.mRNA.0	GCA_000215995@Pyrococcus_yayanosii_CH1	NC_015680	1426371	1426473	+	76	0	27	0
GCA_000022545@Thermococcus_sibiricus_MM_739	TSIB_RS10625.mRNA.0	GCA_902813195@Thermococcus_sp_2319x1_Essen	NZ_LR778300	1606834	1607023	-	190	0	0	0
GCA_000151105@Thermococcus_barophilus_MP	TERMP_RS02185.mRNA.0	GCA_035621495@Thermococcus_sp_SY098	NZ_CP141821	52257	52371	-	113	0	2	0
GCA_000151205@Thermococcus_sp_AM4	TAM4_RS11675.mRNA.0	GCA_000816105@Thermococcus_guaymasensis_DSM_11113	NZ_CP007140	1533449	1533650	-	187	0	0	15
GCA_000151205@Thermococcus_sp_AM4	TAM4_RS11870.mRNA.0	GCA_002214385@Thermococcus_gorgonarius_W_12	NZ_CP014855	847135	847342	-	208	0	0	0
GCA_000246985@Thermococcus_litoralis_DSM_5473	OCC_RS12655.mRNA.0	GCA_000022545@Thermococcus_sibiricus_MM_739	NC_012883	906837	906984	+	148	0	0	0
GCA_000258515@Thermococcus_zilligii_AN1	TZI_RS0100760.mRNA.0	GCA_002214485@Thermococcus_pacificus_P4	NZ_CP015102	770506	770737	+	232	0	0	0
GCA_000258515@Thermococcus_zilligii_AN1	TZI_RS10640.mRNA.0	GCA_002214385@Thermococcus_gorgonarius_W_12	NZ_CP014855	1153588	1153729	+	142	0	0	0
GCA_000585495@Thermococcus_nautili_30_1	BD01_RS11250.mRNA.0	GCA_000769655@Thermococcus_eurythermalis_A501	NZ_CP008887	152463	152664	+	202	0	0	0
GCA_000769655@Thermococcus_eurythermalis_A501	TEU_RS11710.mRNA.0	Thermococcus_23_2	7487	534729	534843	-	115	0	0	0
GCA_000769655@Thermococcus_eurythermalis_A501	TEU_RS11995.mRNA.0	Thermococcus_AMTc30	10769	156742	156859	-	118	0	0	0
GCA_001433455@Thermococcus_barophilus_CH5	TBCH5v1_RS02380.mRNA.0	GCA_035621495@Thermococcus_sp_SY098	NZ_CP141821	52257	52371	-	113	0	2	0
GCA_001484685@Thermococcus_sp_2319x1	ADU37_RS11750.mRNA.0	Thermococcus_aegaeus_DSM_12767	11780	602353	602488	-	0	0	136	0
GCA_001484685@Thermococcus_sp_2319x1	ADU37_RS11495.mRNA.0	GCA_000725425@Palaeococcus_pacificus_DY20341	NZ_CP006019	777478	777625	-	148	0	0	0
GCA_001484685@Thermococcus_sp_2319x1	ADU37_RS11465.mRNA.0	GCA_000022545@Thermococcus_sibiricus_MM_739	NC_012883	1497371	1497542	+	172	0	0	0
GCA_001577775@Pyrococcus_kukulkanii_NCB100	TQ32_RS11315.mRNA.0	Pyrococcus_31_3	7490	182974	183085	-	112	0	0	0
GCA_001592435@Thermococcus_peptonophilus_OG_1	A0127_RS10615.mRNA.0	GCA_001484685@Thermococcus_sp_2319x1	NZ_CP012200	1091570	1091744	+	175	0	0	0
GCA_001647085@Thermococcus_piezophilus_CDGS	A7C91_RS12325.mRNA.0	GCA_002214485@Thermococcus_pacificus_P4	NZ_CP015102	255135	255255	-	121	0	0	0
GCA_001647085@Thermococcus_piezophilus_CDGS	A7C91_RS11845.mRNA.0	GCA_002214485@Thermococcus_pacificus_P4	NZ_CP015102	789619	789766	-	148	0	0	0
GCA_001647085@Thermococcus_piezophilus_CDGS	A7C91_RS11290.mRNA.0	Thermococcus_sp_AMTc09	12160	1890323	1890497	-	175	0	0	0
GCA_002197185@Thermococcus_sp_5_4	CDI07_RS10150.mRNA.0	GCA_002214465@Thermococcus_barossii_SHCK_94	NZ_CP015101	308835	308991	-	157	0	0	0
GCA_002197185@Thermococcus_sp_5_4	CDI07_RS10215.mRNA.0	GCA_000018365@Thermococcus_onnurineus_NA1	NC_011529	591921	592089	+	58	0	0	111
GCA_002214365@Thermococcus_celer_Vu_13	A3L02_RS07410.mRNA.0	GCA_000018365@Thermococcus_onnurineus_NA1	NC_011529	1517971	1518226	-	256	0	0	0
GCA_002214385@Thermococcus_gorgonarius_W_12	A3K92_RS09500.mRNA.0	GCA_000246985@Thermococcus_litoralis_DSM_5473	NC_022084	1697953	1698169	+	217	0	0	0
GCA_002214385@Thermococcus_gorgonarius_W_12	A3K92_RS09430.mRNA.0	GCA_002214545@Thermococcus_thioreducens_OGL_20P	NZ_CP015105	2026580	2026670	+	91	0	0	0
GCA_002214385@Thermococcus_gorgonarius_W_12	A3K92_RS08670.mRNA.0	Thermococcus_23_2	7487	816865	817063	+	199	0	0	0
GCA_002214525@Thermococcus_sp_P6	A3L12_RS00420.mRNA.0	GCA_002214505@Thermococcus_siculi_RG_20	NZ_CP015103	847391	847568	+	178	0	0	0
GCA_002214525@Thermococcus_sp_P6	A3L12_RS08305.mRNA.0	GCA_001647085@Thermococcus_piezophilus_CDGS	NZ_CP015520	1556719	1556911	-	193	0	0	0
GCA_002214545@Thermococcus_thioreducens_OGL_20P	A3L14_RS10945.mRNA.0	Thermococcus_sp_CIR_10a	8818	1840588	1840885	-	298	0	0	0
GCA_002214585@Thermococcus_profundus_DT_5432	A3L09_RS11080.mRNA.0	GCA_000151205@Thermococcus_sp_AM4	NC_016051	778389	778464	+	44	0	5	0
GCA_002214585@Thermococcus_profundus_DT_5432	A3L09_RS10905.mRNA.0	Pyrococcus_EXT16	7485	1625042	1625156	+	115	0	0	0
GCA_006274605@Thermococcus_indicus_IOH1	FH039_RS12325.mRNA.0	GCA_000263735@Pyrococcus_sp_ST04	NC_017946	1548867	1549158	+	292	0	0	0
GCA_006274605@Thermococcus_indicus_IOH1	FH039_RS05320.mRNA.0	Thermococcus_sp_DS1	7110	809916	810102	-	187	0	0	0
GCA_008152015@Thermococcus_aciditolerans_SY113	FPV09_RS11910.mRNA.0	Thermococcus_AMTc11	7483	2097948	2098020	-	0	73	0	0
GCA_008152015@Thermococcus_aciditolerans_SY113	FPV09_RS12240.mRNA.0	Thermococcus_sp_CIR_10a	8818	219432	219546	-	115	0	0	0
GCA_024707485@Thermococcus_sp_813A4	NUS69_RS07800.mRNA.0	Thermococcus_coalescens_TS1	14020	519274	519364	+	91	0	0	0
GCA_024707485@Thermococcus_sp_813A4	NUS69_RS08595.mRNA.0	Thermococcus_sp_AMTc09	12160	1041886	1042192	-	307	0	0	0
GCA_028471865@Thermococcus_kodakarensis_TS901	POG21_RS06835.mRNA.0	GCA_028471785@Thermococcus_kodakarensis_TS900	NZ_CP116885	1183273	1183468	-	181	0	0	15
GCA_900012635@Thermococcus_chitonophagus_isolate_1	CHITON_RS11030.mRNA.0	GCA_001577775@Pyrococcus_kukulkanii_NCB100	NZ_CP010835	1294224	1294434	-	211	0	0	0
GCA_900012635@Thermococcus_chitonophagus_isolate_1	CHITON_RS11520.mRNA.0	GCA_020386975@Thermococcus_bergensis_T7324	NZ_JABFNK010000005	580488	580611	+	124	0	0	0
GCA_900198835@Thermococcus_henrietii_EXT12c	CS910_RS11915.mRNA.0	Thermococcus_sp_AMTc79	11778	1553154	1553307	-	0	0	0	154
GCA_900198835@Thermococcus_henrietii_EXT12c	CS910_RS12165.mRNA.0	Thermococcus_sp_E10P11	11811	25981	26110	+	130	0	0	0
GCA_900198835@Thermococcus_henrietii_EXT12c	CS910_RS11945.mRNA.0	Thermococcus_sp_E10P11	11811	1579867	1580059	+	193	0	0	0
GCA_902813195@Thermococcus_sp_2319x1_Essen	HV362_RS02955.mRNA.0	GCA_020386975@Thermococcus_bergensis_T7324	NZ_JABFNK010000005	774955	775051	-	97	0	0	0
GCA_902813195@Thermococcus_sp_2319x1_Essen	HV362_RS04510.mRNA.0	GCA_000725425@Palaeococcus_pacificus_DY20341	NZ_CP006019	777478	777625	-	148	0	0	0
GCA_904067545@Thermococcus_camini_IRI35c	TIRI35C_RS00325.mRNA.0	Thermococcus_23_2	7487	713417	713594	+	178	0	0	0
GCA_904067545@Thermococcus_camini_IRI35c	TIRI35C_RS11200.mRNA.0	Thermococcus_IRI_06c	12654	107031	107118	+	88	0	0	0
Palaeococcus_helgesoni_DSM_15127	PHEL_v1_0894.mRNA.0	Thermococcus_IRI15c	11152	1709492	1709666	+	175	0	0	0
Palaeococcus_helgesoni_DSM_15127	PHEL_v1_1744.mRNA.0	GCA_020386975@Thermococcus_bergensis_T7324	NZ_JABFNK010000003	173372	173525	+	154	0	0	0
Palaeococcus_helgesoni_DSM_15127	PHEL_v1_2066.mRNA.0	GCA_001433455@Thermococcus_barophilus_CH5	NZ_CP013050	1900017	1900272	+	256	0	0	0
Pyrococcus_31_3	PYRO313_v1_b0055.mRNA.0	GCA_000215995@Pyrococcus_yayanosii_CH1	NC_015680	1074615	1074882	-	268	0	0	0
Pyrococcus_31_3	PYRO313_v1_b0148.mRNA.0	GCA_002214605@Thermococcus_chitonophagus	NZ_CP015193	1716610	1716724	+	115	0	0	0
Pyrococcus_31_3	PYRO313_v1_b0645.mRNA.0	GCA_001577775@Pyrococcus_kukulkanii_NCB100	NZ_CP010835	870814	870937	+	124	0	0	0
Pyrococcus_31_3	PYRO313_v1_b0771.mRNA.0	GCA_001577775@Pyrococcus_kukulkanii_NCB100	NZ_CP010835	1940215	1940485	-	0	0	271	0
Pyrococcus_31_3	PYRO313_v1_b0821.mRNA.0	GCA_002214605@Thermococcus_chitonophagus	NZ_CP015193	1281725	1281842	+	113	0	5	0
Pyrococcus_31_3	PYRO313_v1_b0844.mRNA.0	GCA_002214605@Thermococcus_chitonophagus	NZ_CP015193	1305394	1305487	-	94	0	0	0
Pyrococcus_31_3	PYRO313_v1_b1090.mRNA.0	GCA_000215995@Pyrococcus_yayanosii_CH1	NC_015680	406470	406647	-	178	0	0	0
Pyrococcus_31_3	PYRO313_v1_b1365.mRNA.0	GCA_000275605@Pyrococcus_furiosus_COM1	NC_018092	1687183	1687336	+	0	0	50	125
Pyrococcus_31_3	PYRO313_v1_b1487.mRNA.0	GCA_001577775@Pyrococcus_kukulkanii_NCB100	NZ_CP010835	1359135	1359204	+	70	0	0	0
Pyrococcus_31_3	PYRO313_v1_b1512.mRNA.0	GCA_001577775@Pyrococcus_kukulkanii_NCB100	NZ_CP010835	1336475	1336613	-	139	0	0	0
Pyrococcus_31_3	PYRO313_v1_b1537.mRNA.0	GCA_002214605@Thermococcus_chitonophagus	NZ_CP015193	77378	77597	+	220	0	0	0
Pyrococcus_31_3	PYRO313_v1_b1730.mRNA.0	GCA_000275605@Pyrococcus_furiosus_COM1	NC_018092	1421328	1421439	-	94	0	0	18
Pyrococcus_31_3	PYRO313_v1_b1759.mRNA.0	GCA_002214605@Thermococcus_chitonophagus	NZ_CP015193	273021	273303	-	283	0	0	0
Pyrococcus_31_3	PYRO313_v1_b1763.mRNA.0	GCA_002214605@Thermococcus_chitonophagus	NZ_CP015193	274658	274760	-	103	0	0	0
Pyrococcus_31_3	PYRO313_v1_b1775.mRNA.0	GCA_001577775@Pyrococcus_kukulkanii_NCB100	NZ_CP010835	63775	63898	+	68	0	56	0
Pyrococcus_31_3	PYRO313_v1_b1869.mRNA.0	GCA_001577775@Pyrococcus_kukulkanii_NCB100	NZ_CP010835	156878	156998	-	68	0	53	0
Pyrococcus_31_3	PYRO313_v1_b1997.mRNA.0	Pyrococcus_32_1	7495	1785455	1785578	-	124	0	0	0
Pyrococcus_32_1	PYRO321_v1_0055.mRNA.0	GCA_000215995@Pyrococcus_yayanosii_CH1	NC_015680	1074615	1074882	-	268	0	0	0
Pyrococcus_32_1	PYRO321_v1_0148.mRNA.0	GCA_002214605@Thermococcus_chitonophagus	NZ_CP015193	1716610	1716724	+	115	0	0	0
Pyrococcus_32_1	PYRO321_v1_0645.mRNA.0	GCA_001577775@Pyrococcus_kukulkanii_NCB100	NZ_CP010835	870814	870937	+	124	0	0	0
Pyrococcus_32_1	PYRO321_v1_0771.mRNA.0	GCA_001577775@Pyrococcus_kukulkanii_NCB100	NZ_CP010835	1940215	1940485	-	0	0	271	0
Pyrococcus_32_1	PYRO321_v1_0821.mRNA.0	GCA_002214605@Thermococcus_chitonophagus	NZ_CP015193	1281725	1281842	+	113	0	5	0
Pyrococcus_32_1	PYRO321_v1_0844.mRNA.0	GCA_002214605@Thermococcus_chitonophagus	NZ_CP015193	1305394	1305487	-	94	0	0	0
Pyrococcus_32_1	PYRO321_v1_1090.mRNA.0	GCA_000215995@Pyrococcus_yayanosii_CH1	NC_015680	406470	406647	-	178	0	0	0
Pyrococcus_32_1	PYRO321_v1_1366.mRNA.0	GCA_000275605@Pyrococcus_furiosus_COM1	NC_018092	1687183	1687336	+	0	0	50	125
Pyrococcus_32_1	PYRO321_v1_1488.mRNA.0	GCA_001577775@Pyrococcus_kukulkanii_NCB100	NZ_CP010835	1359135	1359204	+	70	0	0	0
Pyrococcus_32_1	PYRO321_v1_1513.mRNA.0	GCA_001577775@Pyrococcus_kukulkanii_NCB100	NZ_CP010835	1336475	1336613	-	139	0	0	0
Pyrococcus_32_1	PYRO321_v1_1538.mRNA.0	GCA_002214605@Thermococcus_chitonophagus	NZ_CP015193	77378	77597	+	220	0	0	0
Pyrococcus_32_1	PYRO321_v1_1731.mRNA.0	GCA_000275605@Pyrococcus_furiosus_COM1	NC_018092	1421328	1421439	-	94	0	0	18
Pyrococcus_32_1	PYRO321_v1_1760.mRNA.0	GCA_002214605@Thermococcus_chitonophagus	NZ_CP015193	273021	273303	-	283	0	0	0
Pyrococcus_32_1	PYRO321_v1_1775.mRNA.0	GCA_001577775@Pyrococcus_kukulkanii_NCB100	NZ_CP010835	63775	63898	+	68	0	56	0
Pyrococcus_32_1	PYRO321_v1_1869.mRNA.0	GCA_001577775@Pyrococcus_kukulkanii_NCB100	NZ_CP010835	156878	156998	-	68	0	53	0
Pyrococcus_abyssi_GE2	PABYGE2_v1_0277.mRNA.0	Pyrococcus_sp_GE_23	8812	1042445	1042619	-	175	0	0	0
Pyrococcus_abyssi_GE2	PABYGE2_v1_0816.mRNA.0	GCA_000275605@Pyrococcus_furiosus_COM1	NC_018092	1707127	1707238	-	112	0	0	0
Pyrococcus_abyssi_GE2	PABYGE2_v1_0866.mRNA.0	Pyrococcus_sp_GE_23	8812	509890	510007	-	68	0	0	50
Pyrococcus_abyssi_GE2	PABYGE2_v1_0891.mRNA.0	GCA_000275605@Pyrococcus_furiosus_COM1	NC_018092	1656080	1656296	+	217	0	0	0
Pyrococcus_abyssi_GE2	PABYGE2_v1_0896.mRNA.0	GCA_001577775@Pyrococcus_kukulkanii_NCB100	NZ_CP010835	1503409	1503571	+	163	0	0	0
Pyrococcus_abyssi_GE2	PABYGE2_v1_1582.mRNA.0	GCA_000011105@Pyrococcus_horikoshii_OT3	NC_000961	1090703	1090925	+	223	0	0	0
Pyrococcus_abyssi_GE2	PABYGE2_v1_1683.mRNA.0	Pyrococcus_sp_GE_23	8812	1563600	1563720	-	76	0	45	0
Pyrococcus_endeavori_ES4	PYES4v1_20179.mRNA.0	GCA_000011105@Pyrococcus_horikoshii_OT3	NC_000961	1676796	1676922	+	127	0	0	0
Pyrococcus_endeavori_ES4	PYES4v1_20200.mRNA.0	GCA_000275605@Pyrococcus_furiosus_COM1	NC_018092	61360	61459	-	46	0	54	0
Pyrococcus_endeavori_ES4	PYES4v1_40084.mRNA.0	GCA_001577775@Pyrococcus_kukulkanii_NCB100	NZ_CP010835	643415	643658	+	244	0	0	0
Pyrococcus_endeavori_ES4	PYES4v1_40163.mRNA.0	GCA_001577775@Pyrococcus_kukulkanii_NCB100	NZ_CP010835	791097	791199	-	0	0	103	0
Pyrococcus_endeavori_ES4	PYES4v1_40261.mRNA.0	GCA_000275605@Pyrococcus_furiosus_COM1	NC_018092	699528	699690	-	163	0	0	0
Pyrococcus_endeavori_ES4	PYES4v1_70114.mRNA.0	Pyrococcus_31_3	7490	687975	688110	+	77	0	59	0
Pyrococcus_endeavori_ES4	PYES4v1_70125.mRNA.0	GCA_000275605@Pyrococcus_furiosus_COM1	NC_018092	610423	610552	+	130	0	0	0
Pyrococcus_endeavori_ES4	PYES4v1_70145.mRNA.0	Pyrococcus_31_3	7490	724813	724921	-	109	0	0	0
Pyrococcus_endeavori_ES4	PYES4v1_70280.mRNA.0	Pyrococcus_31_3	7490	850024	850141	+	118	0	0	0
Pyrococcus_endeavori_ES4	PYES4v1_70318.mRNA.0	GCA_000215995@Pyrococcus_yayanosii_CH1	NC_015680	269585	269801	-	43	0	174	0
Pyrococcus_endeavori_ES4	PYES4v1_70386.mRNA.0	GCA_000011105@Pyrococcus_horikoshii_OT3	NC_000961	1384511	1384595	-	8	0	77	0
Pyrococcus_endeavori_ES4	PYES4v1_80062.mRNA.0	GCA_000275605@Pyrococcus_furiosus_COM1	NC_018092	1746671	1746779	+	0	0	33	96
Pyrococcus_endeavori_ES4	PYES4v1_80089.mRNA.0	GCA_000275605@Pyrococcus_furiosus_COM1	NC_018092	1768529	1768613	-	85	0	0	0
Pyrococcus_endeavori_ES4	PYES4v1_80092.mRNA.0	GCA_002214605@Thermococcus_chitonophagus	NZ_CP015193	746367	746490	+	124	0	0	0
Pyrococcus_endeavori_ES4	PYES4v1_80243.mRNA.0	GCA_000215995@Pyrococcus_yayanosii_CH1	NC_015680	124798	124918	-	91	0	0	30
Pyrococcus_EXT16	PYEXT16_v1_0116.mRNA.0	GCA_000215995@Pyrococcus_yayanosii_CH1	NC_015680	406470	406647	-	178	0	0	0
Pyrococcus_EXT16	PYEXT16_v1_0173.mRNA.0	GCA_001577775@Pyrococcus_kukulkanii_NCB100	NZ_CP010835	1572424	1572568	+	128	0	17	0
Pyrococcus_EXT16	PYEXT16_v1_0295.mRNA.0	GCA_002214605@Thermococcus_chitonophagus	NZ_CP015193	673174	673300	-	127	0	0	0
Pyrococcus_EXT16	PYEXT16_v1_0385.mRNA.0	GCA_000275605@Pyrococcus_furiosus_COM1	NC_018092	1701989	1702124	+	136	0	0	0
Pyrococcus_EXT16	PYEXT16_v1_0404.mRNA.0	GCA_000275605@Pyrococcus_furiosus_COM1	NC_018092	1687183	1687339	+	0	0	53	125
Pyrococcus_EXT16	PYEXT16_v1_0741.mRNA.0	GCA_001577775@Pyrococcus_kukulkanii_NCB100	NZ_CP010835	63775	63898	+	68	0	56	0
Pyrococcus_EXT16	PYEXT16_v1_0794.mRNA.0	GCA_000275605@Pyrococcus_furiosus_COM1	NC_018092	1421328	1421439	-	94	0	0	18
Pyrococcus_EXT16	PYEXT16_v1_0807.mRNA.0	GCA_000275605@Pyrococcus_furiosus_COM1	NC_018092	1625821	1625920	+	100	0	0	0
Pyrococcus_EXT16	PYEXT16_v1_0974.mRNA.0	GCA_002214605@Thermococcus_chitonophagus	NZ_CP015193	77436	77577	-	142	0	0	0
Pyrococcus_EXT16	PYEXT16_v1_1000.mRNA.0	GCA_001577775@Pyrococcus_kukulkanii_NCB100	NZ_CP010835	1336466	1336613	-	148	0	0	0
Pyrococcus_EXT16	PYEXT16_v1_1009.mRNA.0	GCA_001577775@Pyrococcus_kukulkanii_NCB100	NZ_CP010835	1344563	1344767	-	205	0	0	0
Pyrococcus_EXT16	PYEXT16_v1_1346.mRNA.0	GCA_000215995@Pyrococcus_yayanosii_CH1	NC_015680	1074615	1074882	-	268	0	0	0
Pyrococcus_EXT16	PYEXT16_v1_1397.mRNA.0	GCA_002214605@Thermococcus_chitonophagus	NZ_CP015193	1728811	1728931	-	121	0	0	0
Pyrococcus_EXT16	PYEXT16_v1_1435.mRNA.0	Pyrococcus_sp_EXT_15c	8813	703465	703567	+	103	0	0	0
Pyrococcus_EXT16	PYEXT16_v1_1452.mRNA.0	GCA_002214605@Thermococcus_chitonophagus	NZ_CP015193	1685447	1685579	-	133	0	0	0
Pyrococcus_EXT16	PYEXT16_v1_1495.mRNA.0	GCA_002214605@Thermococcus_chitonophagus	NZ_CP015193	1634959	1635061	-	103	0	0	0
Pyrococcus_EXT16	PYEXT16_v1_1512.mRNA.0	GCA_002214605@Thermococcus_chitonophagus	NZ_CP015193	1620322	1620427	-	106	0	0	0
Pyrococcus_EXT16	PYEXT16_v1_1571.mRNA.0	GCA_002214605@Thermococcus_chitonophagus	NZ_CP015193	1569880	1569976	-	97	0	0	0
Pyrococcus_EXT16	PYEXT16_v1_1602.mRNA.0	GCA_002214605@Thermococcus_chitonophagus	NZ_CP015193	1505741	1505816	-	37	0	39	0
Pyrococcus_EXT16	PYEXT16_v1_1922.mRNA.0	GCA_001577775@Pyrococcus_kukulkanii_NCB100	NZ_CP010835	1940215	1940485	-	0	0	271	0
Pyrococcus_EXT16	PYEXT16_v1_2049.mRNA.0	GCA_001577775@Pyrococcus_kukulkanii_NCB100	NZ_CP010835	870814	870937	+	124	0	0	0
Pyrococcus_sp_32_3	PYRO323_v1_0045.mRNA.0	GCA_002214605@Thermococcus_chitonophagus	NZ_CP015193	1281725	1281842	+	113	0	5	0
Pyrococcus_sp_32_3	PYRO323_v1_0068.mRNA.0	GCA_002214605@Thermococcus_chitonophagus	NZ_CP015193	1305394	1305487	-	94	0	0	0
Pyrococcus_sp_32_3	PYRO323_v1_0314.mRNA.0	GCA_000215995@Pyrococcus_yayanosii_CH1	NC_015680	406470	406647	-	178	0	0	0
Pyrococcus_sp_32_3	PYRO323_v1_0492.mRNA.0	Thermococcus_15_2	7488	276608	276701	-	71	0	0	18
Pyrococcus_sp_32_3	PYRO323_v1_0590.mRNA.0	GCA_000275605@Pyrococcus_furiosus_COM1	NC_018092	1687183	1687336	+	0	0	50	125
Pyrococcus_sp_32_3	PYRO323_v1_0712.mRNA.0	GCA_001577775@Pyrococcus_kukulkanii_NCB100	NZ_CP010835	1359135	1359204	+	70	0	0	0
Pyrococcus_sp_32_3	PYRO323_v1_0737.mRNA.0	GCA_001577775@Pyrococcus_kukulkanii_NCB100	NZ_CP010835	1336475	1336613	-	139	0	0	0
Pyrococcus_sp_32_3	PYRO323_v1_0762.mRNA.0	GCA_002214605@Thermococcus_chitonophagus	NZ_CP015193	77378	77597	+	220	0	0	0
Pyrococcus_sp_32_3	PYRO323_v1_0955.mRNA.0	GCA_000275605@Pyrococcus_furiosus_COM1	NC_018092	1421328	1421439	-	94	0	0	18
Pyrococcus_sp_32_3	PYRO323_v1_0984.mRNA.0	GCA_002214605@Thermococcus_chitonophagus	NZ_CP015193	273021	273303	-	283	0	0	0
Pyrococcus_sp_32_3	PYRO323_v1_0988.mRNA.0	GCA_002214605@Thermococcus_chitonophagus	NZ_CP015193	274658	274760	-	103	0	0	0
Pyrococcus_sp_32_3	PYRO323_v1_1000.mRNA.0	GCA_001577775@Pyrococcus_kukulkanii_NCB100	NZ_CP010835	63775	63898	+	68	0	56	0
Pyrococcus_sp_32_3	PYRO323_v1_1094.mRNA.0	GCA_001577775@Pyrococcus_kukulkanii_NCB100	NZ_CP010835	156878	156998	-	68	0	53	0
Pyrococcus_sp_32_3	PYRO323_v1_1222.mRNA.0	Pyrococcus_32_1	7495	1785455	1785578	-	124	0	0	0
Pyrococcus_sp_32_3	PYRO323_v1_1476.mRNA.0	Pyrococcus_32_1	7495	1204	1327	+	124	0	0	0
Pyrococcus_sp_32_3	PYRO323_v1_1559.mRNA.0	GCA_002214605@Thermococcus_chitonophagus	NZ_CP015193	1754032	1754245	-	214	0	0	0
Pyrococcus_sp_32_3	PYRO323_v1_1623.mRNA.0	GCA_002214605@Thermococcus_chitonophagus	NZ_CP015193	1716610	1716724	+	115	0	0	0
Pyrococcus_sp_32_3	PYRO323_v1_1643.mRNA.0	Pyrococcus_32_1	7495	157193	157265	+	73	0	0	0
Pyrococcus_sp_32_3	PYRO323_v1_1754.mRNA.0	GCA_002214605@Thermococcus_chitonophagus	NZ_CP015193	1586670	1586823	-	154	0	0	0
Pyrococcus_sp_32_3	PYRO323_v1_2122.mRNA.0	GCA_001577775@Pyrococcus_kukulkanii_NCB100	NZ_CP010835	870814	870937	+	124	0	0	0
Pyrococcus_sp_32_3	PYRO323_v1_2248.mRNA.0	GCA_001577775@Pyrococcus_kukulkanii_NCB100	NZ_CP010835	1940215	1940485	-	0	0	271	0
Pyrococcus_sp_32_4	PYRO324_v1_0050.mRNA.0	GCA_000195935@Pyrococcus_abyssi_GE5	NC_000868	605532	605685	+	154	0	0	0
Pyrococcus_sp_32_4	PYRO324_v1_0214.mRNA.0	GCA_002214605@Thermococcus_chitonophagus	NZ_CP015193	1305394	1305487	-	94	0	0	0
Pyrococcus_sp_32_4	PYRO324_v1_0237.mRNA.0	GCA_002214605@Thermococcus_chitonophagus	NZ_CP015193	1281725	1281842	+	113	0	5	0
Pyrococcus_sp_32_4	PYRO324_v1_0289.mRNA.0	GCA_001577775@Pyrococcus_kukulkanii_NCB100	NZ_CP010835	1940215	1940485	-	0	0	271	0
Pyrococcus_sp_32_4	PYRO324_v1_0414.mRNA.0	GCA_001577775@Pyrococcus_kukulkanii_NCB100	NZ_CP010835	870814	870937	+	124	0	0	0
Pyrococcus_sp_32_4	PYRO324_v1_0548.mRNA.0	Pyrococcus_EXT16	7485	1902148	1902235	-	88	0	0	0
Pyrococcus_sp_32_4	PYRO324_v1_0582.mRNA.0	Pyrococcus_32_1	7495	458771	458903	+	133	0	0	0
Pyrococcus_sp_32_4	PYRO324_v1_0775.mRNA.0	GCA_001577775@Pyrococcus_kukulkanii_NCB100	NZ_CP010835	443861	444353	-	493	0	0	0
Pyrococcus_sp_32_4	PYRO324_v1_0778.mRNA.0	GCA_000263735@Pyrococcus_sp_ST04	NC_017946	1063712	1063829	+	118	0	0	0
Pyrococcus_sp_32_4	PYRO324_v1_0916.mRNA.0	GCA_002214605@Thermococcus_chitonophagus	NZ_CP015193	1716610	1716724	+	115	0	0	0
Pyrococcus_sp_32_4	PYRO324_v1_0981.mRNA.0	GCA_002214605@Thermococcus_chitonophagus	NZ_CP015193	1754032	1754245	-	214	0	0	0
Pyrococcus_sp_32_4	PYRO324_v1_1444.mRNA.0	GCA_001577775@Pyrococcus_kukulkanii_NCB100	NZ_CP010835	156878	156998	-	68	0	53	0
Pyrococcus_sp_32_4	PYRO324_v1_1540.mRNA.0	GCA_001577775@Pyrococcus_kukulkanii_NCB100	NZ_CP010835	63775	63898	+	68	0	56	0
Pyrococcus_sp_32_4	PYRO324_v1_1555.mRNA.0	GCA_002214605@Thermococcus_chitonophagus	NZ_CP015193	273021	273303	-	283	0	0	0
Pyrococcus_sp_32_4	PYRO324_v1_1584.mRNA.0	GCA_000275605@Pyrococcus_furiosus_COM1	NC_018092	1421328	1421439	-	94	0	0	18
Pyrococcus_sp_32_4	PYRO324_v1_1596.mRNA.0	GCA_000275605@Pyrococcus_furiosus_COM1	NC_018092	1625821	1625920	+	100	0	0	0
Pyrococcus_sp_32_4	PYRO324_v1_1801.mRNA.0	GCA_001577775@Pyrococcus_kukulkanii_NCB100	NZ_CP010835	1336475	1336613	-	139	0	0	0
Pyrococcus_sp_32_4	PYRO324_v1_1811.mRNA.0	GCA_001577775@Pyrococcus_kukulkanii_NCB100	NZ_CP010835	1344563	1344767	-	205	0	0	0
Pyrococcus_sp_32_4	PYRO324_v1_1948.mRNA.0	GCA_000275605@Pyrococcus_furiosus_COM1	NC_018092	1687183	1687336	+	0	0	50	125
Pyrococcus_sp_EXT_15c	PEXT15C_v1_0022.mRNA.0	GCA_000275605@Pyrococcus_furiosus_COM1	NC_018092	1421328	1421439	-	94	0	0	18
Pyrococcus_sp_EXT_15c	PEXT15C_v1_0578.mRNA.0	Pyrococcus_31_3	7490	1970518	1970698	+	82	0	54	45
Pyrococcus_sp_EXT_15c	PEXT15C_v1_0983.mRNA.0	GCA_001433455@Thermococcus_barophilus_CH5	NZ_CP013050	1043102	1043387	+	286	0	0	0
Pyrococcus_sp_EXT_15c	PEXT15C_v1_1162.mRNA.0	GCA_000195935@Pyrococcus_abyssi_GE5	NC_000868	1042352	1042475	+	13	0	0	111
Pyrococcus_sp_EXT_15c	PEXT15C_v1_1339.mRNA.0	Pyrococcus_31_3	7490	1372186	1372306	+	121	0	0	0
Pyrococcus_sp_EXT_15c	PEXT15C_v1_1624.mRNA.0	GCA_000275605@Pyrococcus_furiosus_COM1	NC_018092	1859259	1859397	-	65	0	0	69
Pyrococcus_sp_EXT_15c	PEXT15C_v1_1722.mRNA.0	Pyrococcus_31_3	7490	1036693	1036828	-	14	0	122	0
Pyrococcus_sp_GE_23	PGE23_v1_0039.mRNA.0	Thermococcus_sp_AMTc79	11778	150902	151052	+	151	0	0	0
Pyrococcus_sp_GE_23	PGE23_v1_0163.mRNA.0	GCA_000211475@Pyrococcus_sp_NA2	NC_015474	1800989	1801058	-	44	0	26	0
Pyrococcus_sp_GE_23	PGE23_v1_0308.mRNA.0	Pyrococcus_31_3	7490	897969	898122	+	124	0	0	30
Pyrococcus_sp_GE_23	PGE23_v1_0618.mRNA.0	GCA_000275605@Pyrococcus_furiosus_COM1	NC_018092	1707127	1707238	-	112	0	0	0
Pyrococcus_sp_GE_23	PGE23_v1_0820.mRNA.0	GCA_001577775@Pyrococcus_kukulkanii_NCB100	NZ_CP010835	82897	83182	-	247	0	39	0
Pyrococcus_sp_GE_23	PGE23_v1_1162.mRNA.0	GCA_000211475@Pyrococcus_sp_NA2	NC_015474	846717	846831	-	115	0	0	0
Pyrococcus_sp_GE_23	PGE23_v1_1331.mRNA.0	Thermococcus_sp_E10P11	11811	1585145	1585316	-	172	0	0	0
Pyrococcus_sp_IRI_42C	PIRI42C_v1_0197.mRNA.0	GCA_000275605@Pyrococcus_furiosus_COM1	NC_018092	276891	277005	+	43	0	0	72
Pyrococcus_sp_IRI_42C	PIRI42C_v1_0366.mRNA.0	GCA_000275605@Pyrococcus_furiosus_COM1	NC_018092	61369	61510	-	37	0	105	0
Pyrococcus_sp_IRI_42C	PIRI42C_v1_0399.mRNA.0	GCA_000769655@Thermococcus_eurythermalis_A501	NZ_CP008887	2094274	2094376	-	103	0	0	0
Pyrococcus_sp_IRI_42C	PIRI42C_v1_0520.mRNA.0	GCA_000275605@Pyrococcus_furiosus_COM1	NC_018092	739484	739640	+	157	0	0	0
Pyrococcus_sp_IRI_42C	PIRI42C_v1_1156.mRNA.0	Thermococcus_sp_E10P11	11811	1675167	1675299	+	133	0	0	0
Pyrococcus_sp_IRI_42C	PIRI42C_v1_1189.mRNA.0	GCA_001647085@Thermococcus_piezophilus_CDGS	NZ_CP015520	1167781	1167874	+	0	0	94	0
Thermococcus_15_2	THER152_v1_0531.mRNA.0	GCA_000151105@Thermococcus_barophilus_MP	NC_014804	558789	558882	-	94	0	0	0
Thermococcus_15_2	THER152_v1_1172.mRNA.0	Thermococcus_sp_DS1	7110	944618	944711	-	94	0	0	0
Thermococcus_15_2	THER152_v1_1182.mRNA.0	Thermococcus_sp_CIR_03a	8822	484580	484676	-	97	0	0	0
Thermococcus_23_2	THER232_v1_0060.mRNA.0	GCA_000018365@Thermococcus_onnurineus_NA1	NC_011529	461503	461710	-	103	0	0	105
Thermococcus_23_2	THER232_v1_0257.mRNA.0	Thermococcus_sp_IRI24c	11800	1893724	1894006	-	283	0	0	0
Thermococcus_23_2	THER232_v1_0258.mRNA.0	GCA_024707485@Thermococcus_sp_813A4	NZ_CP102602	929364	929442	-	79	0	0	0
Thermococcus_23_2	THER232_v1_0300.mRNA.0	Pyrococcus_31_3	7490	1344184	1345147	+	964	0	0	0
Thermococcus_23_2	THER232_v1_0317.mRNA.0	GCA_002214565@Thermococcus_radiotolerans_EJ2	NZ_CP015106	851867	851972	-	101	0	5	0
Thermococcus_23_2	THER232_v1_0357.mRNA.0	GCA_002214465@Thermococcus_barossii_SHCK_94	NZ_CP015101	308835	309084	-	250	0	0	0
Thermococcus_23_2	THER232_v1_0396.mRNA.0	GCA_000263735@Pyrococcus_sp_ST04	NC_017946	1215730	1215814	-	85	0	0	0
Thermococcus_23_2	THER232_v1_0501.mRNA.0	Thermococcus_atlanticus_DSM_15226	11783	1940628	1940718	+	91	0	0	0
Thermococcus_23_2	THER232_v1_0558.mRNA.0	GCA_900198835@Thermococcus_henrietii_EXT12c	NZ_LT900021	832978	833068	-	91	0	0	0
Thermococcus_23_2	THER232_v1_0577.mRNA.0	GCA_000018365@Thermococcus_onnurineus_NA1	NC_011529	1834443	1834629	+	187	0	0	0
Thermococcus_23_2	THER232_v1_0586.mRNA.0	GCA_000215995@Pyrococcus_yayanosii_CH1	NC_015680	1462007	1462172	+	0	0	0	166
Thermococcus_23_2	THER232_v1_0726.mRNA.0	Thermococcus_AMTc51	10770	43479	43866	+	388	0	0	0
Thermococcus_23_2	THER232_v1_0732.mRNA.0	Thermococcus_AMTc11	7483	1001753	1002071	+	319	0	0	0
Thermococcus_23_2	THER232_v1_0738.mRNA.0	Thermococcus_coalescens_TS1	14020	2051220	2051292	-	73	0	0	0
Thermococcus_23_2	THER232_v1_0764.mRNA.0	GCA_000517445@Thermococcus_paralvinellae_ES1	NZ_CP006965	1606334	1606433	+	100	0	0	0
Thermococcus_23_2	THER232_v1_0765.mRNA.0	GCA_002214465@Thermococcus_barossii_SHCK_94	NZ_CP015101	1822314	1822398	-	85	0	0	0
Thermococcus_23_2	THER232_v1_0907.mRNA.0	GCA_000258515@Thermococcus_zilligii_AN1	NZ_AJLF01000002	215408	215561	+	154	0	0	0
Thermococcus_23_2	THER232_v1_0909.mRNA.0	GCA_035621495@Thermococcus_sp_SY098	NZ_CP141821	1361291	1361480	+	190	0	0	0
Thermococcus_23_2	THER232_v1_0950.mRNA.0	Thermococcus_atlanticus_DSM_15226	11783	1615955	1616159	-	205	0	0	0
Thermococcus_23_2	THER232_v1_1016.mRNA.0	GCA_001647085@Thermococcus_piezophilus_CDGS	NZ_CP015520	847205	847355	+	151	0	0	0
Thermococcus_23_2	THER232_v1_1033.mRNA.0	GCA_000265525@Thermococcus_cleftensis_CL1	NC_018015	1165697	1165811	-	115	0	0	0
Thermococcus_23_2	THER232_v1_1050.mRNA.0	Thermococcus_sp_E10P11	11811	1468400	1468550	-	151	0	0	0
Thermococcus_23_2	THER232_v1_1228.mRNA.0	GCA_902813195@Thermococcus_sp_2319x1_Essen	NZ_LR778300	1242235	1242361	-	127	0	0	0
Thermococcus_23_2	THER232_v1_1362.mRNA.0	GCA_000009965@Thermococcus_kodakarensis_KOD1	NC_006624	2075875	2075929	-	55	0	0	0
Thermococcus_23_2	THER232_v1_1370.mRNA.0	Thermococcus_sp_IRI_05c	8817	608395	608605	-	172	0	0	39
Thermococcus_23_2	THER232_v1_1665.mRNA.0	GCA_000022365@Thermococcus_gammatolerans_EJ3	NC_012804	522688	522901	-	214	0	0	0
Thermococcus_23_2	THER232_v1_1732.mRNA.0	Thermococcus_15_2	7488	751921	752041	-	121	0	0	0
Thermococcus_29_3	THER293_v1_0135.mRNA.0	GCA_000246985@Thermococcus_litoralis_DSM_5473	NC_022084	764282	764507	-	226	0	0	0
Thermococcus_29_3	THER293_v1_0189.mRNA.0	GCA_001647085@Thermococcus_piezophilus_CDGS	NZ_CP015520	1185007	1185100	-	94	0	0	0
Thermococcus_29_3	THER293_v1_1055.mRNA.0	GCA_000246985@Thermococcus_litoralis_DSM_5473	NC_022084	643609	643969	+	361	0	0	0
Thermococcus_29_3	THER293_v1_1223.mRNA.0	GCA_000517445@Thermococcus_paralvinellae_ES1	NZ_CP006965	859752	860427	+	676	0	0	0
Thermococcus_29_3	THER293_v1_1950.mRNA.0	GCA_001577775@Pyrococcus_kukulkanii_NCB100	NZ_CP010835	301015	301423	+	409	0	0	0
Thermococcus_29_3	THER293_v1_1958.mRNA.0	Thermococcus_23_2	7487	756041	756203	+	163	0	0	0
Thermococcus_29_3	THER293_v1_2062.mRNA.0	GCA_000725425@Palaeococcus_pacificus_DY20341	NZ_CP006019	178260	178356	+	97	0	0	0
Thermococcus_31_3	THER313_v1_a0774.mRNA.0	GCA_000246985@Thermococcus_litoralis_DSM_5473	NC_022084	2165601	2166084	+	484	0	0	0
Thermococcus_31_3	THER313_v1_a0916.mRNA.0	GCA_000018365@Thermococcus_onnurineus_NA1	NC_011529	928756	928834	+	79	0	0	0
Thermococcus_31_3	THER313_v1_a1257.mRNA.0	GCA_000221185@Thermococcus_sp_4557	NC_015865	171570	171774	+	205	0	0	0
Thermococcus_31_3	THER313_v1_a1402.mRNA.0	GCA_000215995@Pyrococcus_yayanosii_CH1	NC_015680	711576	711618	-	43	0	0	0
Thermococcus_31_3	THER313_v1_a1447.mRNA.0	GCA_000246985@Thermococcus_litoralis_DSM_5473	NC_022084	361570	361675	+	106	0	0	0
Thermococcus_31_3	THER313_v1_a1612.mRNA.0	GCA_001647085@Thermococcus_piezophilus_CDGS	NZ_CP015520	1556854	1556968	+	115	0	0	0
Thermococcus_31_3	THER313_v1_a1903.mRNA.0	GCA_024022995@Thermococcus_aggregans_TY	NZ_CP099582	1432104	1432188	+	85	0	0	0
Thermococcus_31_3	THER313_v1_a2030.mRNA.0	Thermococcus_barophilus_423_3_23	4061	507346	507619	+	254	0	20	0
Thermococcus_aegaeus_DSM_12767	THAEA_v1_0357.mRNA.0	GCA_000022545@Thermococcus_sibiricus_MM_739	NC_012883	906873	906984	+	112	0	0	0
Thermococcus_aegaeus_DSM_12767	THAEA_v1_0463.mRNA.0	GCA_024022995@Thermococcus_aggregans_TY	NZ_CP099582	1595867	1596065	+	199	0	0	0
Thermococcus_aegaeus_DSM_12767	THAEA_v1_0513.mRNA.0	GCA_024022995@Thermococcus_aggregans_TY	NZ_CP099582	1637276	1637372	+	91	0	6	0
Thermococcus_aegaeus_DSM_12767	THAEA_v1_1222.mRNA.0	GCA_000022545@Thermococcus_sibiricus_MM_739	NC_012883	137391	137514	+	124	0	0	0
Thermococcus_aegaeus_DSM_12767	THAEA_v1_1478.mRNA.0	GCA_020386975@Thermococcus_bergensis_T7324	NZ_JABFNK010000005	55826	55988	+	163	0	0	0
Thermococcus_aegaeus_DSM_12767	THAEA_v1_1677.mRNA.0	GCA_000275605@Pyrococcus_furiosus_COM1	NC_018092	505608	505704	-	97	0	0	0
Thermococcus_aegaeus_DSM_12767	THAEA_v1_1742.mRNA.0	GCA_020386975@Thermococcus_bergensis_T7324	NZ_JABFNK010000005	162232	162475	-	244	0	0	0
Thermococcus_aegaeus_DSM_12767	THAEA_v1_1998.mRNA.0	Thermococcus_sp_E10P11	11811	1533987	1534227	+	241	0	0	0
Thermococcus_aegaeus_DSM_12767	THAEA_v1_2044.mRNA.0	GCA_024022995@Thermococcus_aggregans_TY	NZ_CP099582	753567	753687	+	121	0	0	0
Thermococcus_aegaeus_DSM_12767	THAEA_v1_2068.mRNA.0	GCA_000258515@Thermococcus_zilligii_AN1	NZ_AJLF01000002	353495	353618	+	124	0	0	0
Thermococcus_aegaeus_DSM_12767	THAEA_v1_2069.mRNA.0	GCA_024022995@Thermococcus_aggregans_TY	NZ_CP099582	737103	737175	+	73	0	0	0
Thermococcus_aegaeus_DSM_12767	THAEA_v1_2084.mRNA.0	GCA_000151105@Thermococcus_barophilus_MP	NC_014804	610207	610369	-	163	0	0	0
Thermococcus_aegaeus_DSM_12767	THAEA_v1_2086.mRNA.0	GCA_000151105@Thermococcus_barophilus_MP	NC_014804	610879	611074	-	196	0	0	0
Thermococcus_aggregans_DSM_12819	THAGGR_v1_0127.mRNA.0	Thermococcus_sp_E10P11	11811	1246397	1246478	-	13	0	0	69
Thermococcus_aggregans_DSM_12819	THAGGR_v1_0185.mRNA.0	GCA_000022545@Thermococcus_sibiricus_MM_739	NC_012883	998280	998370	+	91	0	0	0
Thermococcus_aggregans_DSM_12819	THAGGR_v1_0211.mRNA.0	GCA_002214385@Thermococcus_gorgonarius_W_12	NZ_CP014855	1143579	1143732	-	154	0	0	0
Thermococcus_aggregans_DSM_12819	THAGGR_v1_0219.mRNA.0	Thermococcus_E15P35	10971	1306126	1306222	-	97	0	0	0
Thermococcus_aggregans_DSM_12819	THAGGR_v1_0405.mRNA.0	GCA_000246985@Thermococcus_litoralis_DSM_5473	NC_022084	1806873	1807029	-	86	0	71	0
Thermococcus_aggregans_DSM_12819	THAGGR_v1_0452.mRNA.0	Thermococcus_alcaliphilus_DSM_10322	11782	1573371	1573530	-	127	0	0	33
Thermococcus_aggregans_DSM_12819	THAGGR_v1_0516.mRNA.0	GCA_000022545@Thermococcus_sibiricus_MM_739	NC_012883	1270985	1271129	-	145	0	0	0
Thermococcus_aggregans_DSM_12819	THAGGR_v1_0540.mRNA.0	Thermococcus_sp_E10P11	11811	1533987	1534227	+	241	0	0	0
Thermococcus_aggregans_DSM_12819	THAGGR_v1_0577.mRNA.0	GCA_000246985@Thermococcus_litoralis_DSM_5473	NC_022084	1599760	1599883	-	124	0	0	0
Thermococcus_aggregans_DSM_12819	THAGGR_v1_0731.mRNA.0	GCA_000246985@Thermococcus_litoralis_DSM_5473	NC_022084	1409195	1409342	-	148	0	0	0
Thermococcus_aggregans_DSM_12819	THAGGR_v1_0733.mRNA.0	GCA_023746595@Thermococcus_argininiproducens_IOH2	NZ_CP080572	210679	210790	+	112	0	0	0
Thermococcus_aggregans_DSM_12819	THAGGR_v1_1026.mRNA.0	GCA_001484685@Thermococcus_sp_2319x1	NZ_CP012200	1826172	1826271	+	100	0	0	0
Thermococcus_aggregans_DSM_12819	THAGGR_v1_1658.mRNA.0	GCA_000022545@Thermococcus_sibiricus_MM_739	NC_012883	451672	451792	-	116	0	0	5
Thermococcus_aggregans_DSM_12819	THAGGR_v1_1760.mRNA.0	GCA_023746595@Thermococcus_argininiproducens_IOH2	NZ_CP080572	1397285	1397348	+	64	0	0	0
Thermococcus_aggregans_DSM_12819	THAGGR_v1_1831.mRNA.0	GCA_000022545@Thermococcus_sibiricus_MM_739	NC_012883	736793	736892	-	100	0	0	0
Thermococcus_aggregans_DSM_12819	THAGGR_v1_1893.mRNA.0	GCA_035621495@Thermococcus_sp_SY098	NZ_CP141821	616141	616474	-	334	0	0	0
Thermococcus_aggregans_DSM_12819	THAGGR_v1_2043.mRNA.0	GCA_001484685@Thermococcus_sp_2319x1	NZ_CP012200	453260	453374	-	115	0	0	0
Thermococcus_aggregans_DSM_12819	THAGGR_v1_2071.mRNA.0	GCA_023746595@Thermococcus_argininiproducens_IOH2	NZ_CP080572	1456412	1456514	+	103	0	0	0
Thermococcus_alcaliphilus_DSM_10322	THALCA_v1_0003.mRNA.0	GCA_000725425@Palaeococcus_pacificus_DY20341	NZ_CP006019	777478	777625	-	148	0	0	0
Thermococcus_alcaliphilus_DSM_10322	THALCA_v1_0288.mRNA.0	Thermococcus_sp_E10P11	11811	1839344	1839434	-	16	0	75	0
Thermococcus_alcaliphilus_DSM_10322	THALCA_v1_0837.mRNA.0	GCA_023746595@Thermococcus_argininiproducens_IOH2	NZ_CP080572	476742	476808	+	67	0	0	0
Thermococcus_alcaliphilus_DSM_10322	THALCA_v1_0871.mRNA.0	Thermococcus_coalescens_TS1	14020	1094854	1094986	-	133	0	0	0
Thermococcus_alcaliphilus_DSM_10322	THALCA_v1_1124.mRNA.0	Thermococcus_EXT11c	11137	1832707	1832860	-	154	0	0	0
Thermococcus_alcaliphilus_DSM_10322	THALCA_v1_1395.mRNA.0	GCA_000211475@Pyrococcus_sp_NA2	NC_015474	1463411	1463912	+	502	0	0	0
Thermococcus_alcaliphilus_DSM_10322	THALCA_v1_1765.mRNA.0	GCA_000022545@Thermococcus_sibiricus_MM_739	NC_012883	1194552	1194654	+	103	0	0	0
Thermococcus_alcaliphilus_DSM_10322	THALCA_v1_2010.mRNA.0	GCA_000816105@Thermococcus_guaymasensis_DSM_11113	NZ_CP007140	1411915	1412158	-	244	0	0	0
Thermococcus_AMTc11	TAMTC11_v1_0978.mRNA.0	GCA_000195935@Pyrococcus_abyssi_GE5	NC_000868	1650302	1650398	+	97	0	0	0
Thermococcus_AMTc11	TAMTC11_v1_1044.mRNA.0	GCA_000517445@Thermococcus_paralvinellae_ES1	NZ_CP006965	1606334	1606415	+	82	0	0	0
Thermococcus_AMTc11	TAMTC11_v1_1416.mRNA.0	Thermococcus_IRI_06c	12654	45110	45272	+	163	0	0	0
Thermococcus_AMTc11	TAMTC11_v1_1448.mRNA.0	GCA_000246985@Thermococcus_litoralis_DSM_5473	NC_022084	554683	554851	+	169	0	0	0
Thermococcus_AMTc11	TAMTC11_v1_1488.mRNA.0	GCA_000517445@Thermococcus_paralvinellae_ES1	NZ_CP006965	319534	319633	-	100	0	0	0
Thermococcus_AMTc11	TAMTC11_v1_1952.mRNA.0	Thermococcus_sp_IRI24c	11800	27873	27963	-	91	0	0	0
Thermococcus_AMTc11	TAMTC11_v1_2030.mRNA.0	GCA_000018365@Thermococcus_onnurineus_NA1	NC_011529	509851	509914	-	64	0	0	0
Thermococcus_AMTc11	TAMTC11_v1_2135.mRNA.0	GCA_000265525@Thermococcus_cleftensis_CL1	NC_018015	1755501	1755678	+	178	0	0	0
Thermococcus_AMTc11	TAMTC11_v1_2439.mRNA.0	Thermococcus_sp_E10P11	11811	1718857	1719028	-	172	0	0	0
Thermococcus_AMTc11	TAMTC11_v1_2463.mRNA.0	GCA_001577775@Pyrococcus_kukulkanii_NCB100	NZ_CP010835	482381	482441	-	61	0	0	0
Thermococcus_AMTc11	TAMTC11_v1_2584.mRNA.0	GCA_000018365@Thermococcus_onnurineus_NA1	NC_011529	928756	928855	+	100	0	0	0
Thermococcus_AMTc30	TAMTC30_v1_0165.mRNA.0	Thermococcus_AMTc11	7483	1886115	1886277	-	163	0	0	0
Thermococcus_AMTc30	TAMTC30_v1_0512.mRNA.0	GCA_000018365@Thermococcus_onnurineus_NA1	NC_011529	514008	514152	-	127	0	0	18
Thermococcus_AMTc30	TAMTC30_v1_0910.mRNA.0	Thermococcus_sp_E10P11	11811	650534	650597	-	64	0	0	0
Thermococcus_AMTc30	TAMTC30_v1_0976.mRNA.0	Thermococcus_atlanticus_DSM_15226	11783	1988209	1988314	-	81	25	0	0
Thermococcus_AMTc30	TAMTC30_v1_0990.mRNA.0	GCA_001647085@Thermococcus_piezophilus_CDGS	NZ_CP015520	1185007	1185100	-	94	0	0	0
Thermococcus_AMTc30	TAMTC30_v1_1012.mRNA.0	GCA_001577775@Pyrococcus_kukulkanii_NCB100	NZ_CP010835	1951055	1951142	-	88	0	0	0
Thermococcus_AMTc30	TAMTC30_v1_1147.mRNA.0	Thermococcus_sp_E10P11	11811	847912	848173	+	43	127	0	219
Thermococcus_AMTc51	TAMTC51_v1_0307.mRNA.0	GCA_000246985@Thermococcus_litoralis_DSM_5473	NC_022084	554442	554532	+	91	0	0	0
Thermococcus_AMTc51	TAMTC51_v1_0335.mRNA.0	Thermococcus_29_3	7513	151651	151990	-	340	0	0	0
Thermococcus_AMTc51	TAMTC51_v1_0455.mRNA.0	GCA_000151205@Thermococcus_sp_AM4	NC_016051	129443	129563	-	121	0	0	0
Thermococcus_AMTc51	TAMTC51_v1_0626.mRNA.0	GCA_000151205@Thermococcus_sp_AM4	NC_016051	1878997	1879060	+	52	0	12	0
Thermococcus_AMTc51	TAMTC51_v1_1645.mRNA.0	GCA_002214485@Thermococcus_pacificus_P4	NZ_CP015102	52240	52567	-	328	0	0	0
Thermococcus_AMTc51	TAMTC51_v1_1973.mRNA.0	GCA_000246985@Thermococcus_litoralis_DSM_5473	NC_022084	970954	971536	+	583	0	0	0
Thermococcus_AMTc85	TAMTC85_v1_0214.mRNA.0	GCA_904067545@Thermococcus_camini_IRI35c	NZ_LR881183	1418443	1418518	-	76	0	0	0
Thermococcus_AMTc85	TAMTC85_v1_0354.mRNA.0	Thermococcus_AMTc11	7483	1886115	1886277	-	163	0	0	0
Thermococcus_AMTc85	TAMTC85_v1_0576.mRNA.0	Thermococcus_fumicolans_ST557	14021	676809	676899	+	91	0	0	0
Thermococcus_AMTc85	TAMTC85_v1_0695.mRNA.0	GCA_000018365@Thermococcus_onnurineus_NA1	NC_011529	514008	514152	-	127	0	0	18
Thermococcus_AMTc85	TAMTC85_v1_0961.mRNA.0	GCA_000151205@Thermococcus_sp_AM4	NC_016051	129443	129563	-	121	0	0	0
Thermococcus_AMTc85	TAMTC85_v1_1072.mRNA.0	Thermococcus_15_2	7488	1013754	1013931	-	178	0	0	0
Thermococcus_AMTc85	TAMTC85_v1_1208.mRNA.0	GCA_001647085@Thermococcus_piezophilus_CDGS	NZ_CP015520	1185007	1185100	-	94	0	0	0
Thermococcus_atlanticus_DSM_15226	THATL_v1_0202.mRNA.0	GCA_000263735@Pyrococcus_sp_ST04	NC_017946	460358	460664	-	307	0	0	0
Thermococcus_atlanticus_DSM_15226	THATL_v1_0502.mRNA.0	GCA_024022995@Thermococcus_aggregans_TY	NZ_CP099582	1079247	1079592	-	346	0	0	0
Thermococcus_atlanticus_DSM_15226	THATL_v1_1179.mRNA.0	GCA_000151105@Thermococcus_barophilus_MP	NC_014804	1243471	1243579	+	70	0	0	39
Thermococcus_atlanticus_DSM_15226	THATL_v1_1465.mRNA.0	Pyrococcus_sp_IRI_42C	8814	43530	43644	+	115	0	0	0
Thermococcus_atlanticus_DSM_15226	THATL_v1_2301.mRNA.0	GCA_000246985@Thermococcus_litoralis_DSM_5473	NC_022084	634776	635319	-	544	0	0	0
Thermococcus_barophilus_423_3_23	TB423v1_0205.mRNA.0	GCA_035621495@Thermococcus_sp_SY098	NZ_CP141821	1458411	1458534	+	124	0	0	0
Thermococcus_barophilus_423_3_23	TB423v1_0227.mRNA.0	GCA_000517445@Thermococcus_paralvinellae_ES1	NZ_CP006965	1864983	1865358	-	376	0	0	0
Thermococcus_barophilus_423_3_23	TB423v1_0558.mRNA.0	Thermococcus_IRI_06c	12654	67641	67773	-	133	0	0	0
Thermococcus_barophilus_423_3_23	TB423v1_0641.mRNA.0	GCA_000151105@Thermococcus_barophilus_MP	NC_014804	156647	156842	-	51	145	0	0
Thermococcus_barophilus_423_3_23	TB423v1_0756.mRNA.0	GCA_000517445@Thermococcus_paralvinellae_ES1	NZ_CP006965	363333	363402	-	70	0	0	0
Thermococcus_barophilus_423_3_23	TB423v1_0813.mRNA.0	GCA_000009965@Thermococcus_kodakarensis_KOD1	NC_006624	965504	965600	+	52	0	0	45
Thermococcus_barophilus_423_3_23	TB423v1_0942.mRNA.0	GCA_023746595@Thermococcus_argininiproducens_IOH2	NZ_CP080572	1609871	1609991	+	121	0	0	0
Thermococcus_barophilus_423_3_23	TB423v1_1063.mRNA.0	GCA_000725425@Palaeococcus_pacificus_DY20341	NZ_CP006019	479507	479624	-	118	0	0	0
Thermococcus_barophilus_423_3_23	TB423v1_1074.mRNA.0	GCA_000816105@Thermococcus_guaymasensis_DSM_11113	NZ_CP007140	1877304	1877550	+	247	0	0	0
Thermococcus_barophilus_423_3_23	TB423v1_1151.mRNA.0	Thermococcus_barophilus_DT4	4060	581870	581978	+	109	0	0	0
Thermococcus_barophilus_423_3_23	TB423v1_1269.mRNA.0	GCA_000517445@Thermococcus_paralvinellae_ES1	NZ_CP006965	697919	697994	+	76	0	0	0
Thermococcus_barophilus_423_3_23	TB423v1_1365.mRNA.0	GCA_000151105@Thermococcus_barophilus_MP	NC_014804	734996	735101	-	106	0	0	0
Thermococcus_barophilus_423_3_23	TB423v1_1558.mRNA.0	GCA_000517445@Thermococcus_paralvinellae_ES1	NZ_CP006965	1047642	1047789	+	148	0	0	0
Thermococcus_barophilus_423_3_23	TB423v1_1567.mRNA.0	Thermococcus_atlanticus_DSM_15226	11783	889848	889968	+	121	0	0	0
Thermococcus_barophilus_423_3_23	TB423v1_1726.mRNA.0	GCA_000517445@Thermococcus_paralvinellae_ES1	NZ_CP006965	1196529	1196649	-	121	0	0	0
Thermococcus_barophilus_423_3_23	TB423v1_1763.mRNA.0	Thermococcus_barophilus_DT4	4060	1172908	1172992	-	85	0	0	0
Thermococcus_barophilus_423_3_23	TB423v1_1815.mRNA.0	Thermococcus_coalescens_TS1	14020	689425	689545	-	105	16	0	0
Thermococcus_barophilus_423_3_23	TB423v1_1913.mRNA.0	GCA_000215995@Pyrococcus_yayanosii_CH1	NC_015680	791397	791631	-	235	0	0	0
Thermococcus_barophilus_423_3_23	TB423v1_1952.mRNA.0	GCA_000769655@Thermococcus_eurythermalis_A501	NZ_CP008887	229586	229694	+	109	0	0	0
Thermococcus_barophilus_423_3_23	TB423v1_2171.mRNA.0	Thermococcus_sp_E10P11	11811	1007960	1008119	-	160	0	0	0
Thermococcus_barophilus_CH1	TBCH1v1_0272.mRNA.0	GCA_000816105@Thermococcus_guaymasensis_DSM_11113	NZ_CP007140	1877304	1877550	+	247	0	0	0
Thermococcus_barophilus_CH1	TBCH1v1_0284.mRNA.0	GCA_000246985@Thermococcus_litoralis_DSM_5473	NC_022084	1616179	1616332	-	154	0	0	0
Thermococcus_barophilus_CH1	TBCH1v1_0632.mRNA.0	Thermococcus_sp_CIR_10a	8818	1299857	1299992	-	136	0	0	0
Thermococcus_barophilus_CH1	TBCH1v1_0672.mRNA.0	GCA_000517445@Thermococcus_paralvinellae_ES1	NZ_CP006965	689076	689163	-	79	0	0	9
Thermococcus_barophilus_CH1	TBCH1v1_0746.mRNA.0	Thermococcus_barophilus_423_3_23	4061	1198174	1198339	+	166	0	0	0
Thermococcus_barophilus_CH1	TBCH1v1_0921.mRNA.0	Thermococcus_barophilus_423_3_23	4061	1365174	1365333	-	28	0	132	0
Thermococcus_barophilus_CH1	TBCH1v1_0948.mRNA.0	Thermococcus_barophilus_423_3_23	4061	1385262	1385436	-	175	0	0	0
Thermococcus_barophilus_CH1	TBCH1v1_1024.mRNA.0	Thermococcus_barophilus_DT4	4060	1052503	1052665	+	163	0	0	0
Thermococcus_barophilus_CH1	TBCH1v1_1053.mRNA.0	Thermococcus_barophilus_DT4	4060	1082553	1082730	+	115	0	0	63
Thermococcus_barophilus_CH1	TBCH1v1_1104.mRNA.0	GCA_001647085@Thermococcus_piezophilus_CDGS	NZ_CP015520	110164	110284	+	10	0	0	111
Thermococcus_barophilus_CH1	TBCH1v1_1230.mRNA.0	Thermococcus_coalescens_TS1	14020	689425	689545	-	105	16	0	0
Thermococcus_barophilus_CH1	TBCH1v1_1242.mRNA.0	Thermococcus_barophilus_423_3_23	4061	1607518	1607635	+	118	0	0	0
Thermococcus_barophilus_CH1	TBCH1v1_1589.mRNA.0	Thermococcus_barophilus_DT4	4060	1531547	1531643	+	97	0	0	0
Thermococcus_barophilus_CH1	TBCH1v1_1599.mRNA.0	Thermococcus_sp_E10P11	11811	1007960	1008080	-	121	0	0	0
Thermococcus_barophilus_CH1	TBCH1v1_1604.mRNA.0	GCA_002214505@Thermococcus_siculi_RG_20	NZ_CP015103	601024	601159	-	61	0	0	75
Thermococcus_barophilus_CH1	TBCH1v1_1790.mRNA.0	Thermococcus_barophilus_DT4	4060	1689954	1690242	+	289	0	0	0
Thermococcus_barophilus_CH1	TBCH1v1_1924.mRNA.0	GCA_000517445@Thermococcus_paralvinellae_ES1	NZ_CP006965	1836667	1836814	+	148	0	0	0
Thermococcus_barophilus_CH1	TBCH1v1_1990.mRNA.0	GCA_000517445@Thermococcus_paralvinellae_ES1	NZ_CP006965	1861012	1861144	-	0	0	0	105
Thermococcus_barophilus_CH1	TBCH1v1_1995.mRNA.0	GCA_000195935@Pyrococcus_abyssi_GE5	NC_000868	1443903	1444074	+	85	0	0	87
Thermococcus_barophilus_CH1	TBCH1v1_2124.mRNA.0	GCA_035621495@Thermococcus_sp_SY098	NZ_CP141821	1587861	1587930	-	70	0	0	0
Thermococcus_barophilus_CH1	TBCH1v1_2158.mRNA.0	Thermococcus_barophilus_DT4	4060	2018733	2018829	-	97	0	0	0
Thermococcus_barophilus_CH1	TBCH1v1_2271.mRNA.0	GCA_000517445@Thermococcus_paralvinellae_ES1	NZ_CP006965	164065	164197	-	88	0	0	45
Thermococcus_barophilus_CH1	TBCH1v1_2334.mRNA.0	GCA_000517445@Thermococcus_paralvinellae_ES1	NZ_CP006965	210785	210902	+	118	0	0	0
Thermococcus_barophilus_CH1	TBCH1v1_2369.mRNA.0	GCA_000517445@Thermococcus_paralvinellae_ES1	NZ_CP006965	238496	238577	+	40	0	0	42
Thermococcus_barophilus_DT4	TBDT4v1_0203.mRNA.0	GCA_000151105@Thermococcus_barophilus_MP	NC_014804	156987	157137	-	151	0	0	0
Thermococcus_barophilus_DT4	TBDT4v1_0406.mRNA.0	Thermococcus_sp_CIR_10a	8818	1707912	1707987	+	76	0	0	0
Thermococcus_barophilus_DT4	TBDT4v1_0562.mRNA.0	GCA_000151105@Thermococcus_barophilus_MP	NC_014804	472092	472206	+	115	0	0	0
Thermococcus_barophilus_DT4	TBDT4v1_0578.mRNA.0	GCA_000151105@Thermococcus_barophilus_MP	NC_014804	484134	484284	-	89	0	62	0
Thermococcus_barophilus_DT4	TBDT4v1_0703.mRNA.0	Thermococcus_sp_E10P11	11811	394024	394216	-	193	0	0	0
Thermococcus_barophilus_DT4	TBDT4v1_0718.mRNA.0	GCA_000246985@Thermococcus_litoralis_DSM_5473	NC_022084	1861972	1862233	-	262	0	0	0
Thermococcus_barophilus_DT4	TBDT4v1_0763.mRNA.0	Thermococcus_29_3	7513	673366	673552	+	187	0	0	0
Thermococcus_barophilus_DT4	TBDT4v1_0863.mRNA.0	GCA_000151105@Thermococcus_barophilus_MP	NC_014804	686760	686898	-	0	0	0	102
Thermococcus_barophilus_DT4	TBDT4v1_0902.mRNA.0	Thermococcus_barophilus_CH1	4059	666250	666403	-	154	0	0	0
Thermococcus_barophilus_DT4	TBDT4v1_1126.mRNA.0	GCA_002214525@Thermococcus_sp_P6	NZ_CP015104	850799	850964	-	166	0	0	0
Thermococcus_barophilus_DT4	TBDT4v1_1244.mRNA.0	Thermococcus_barophilus_CH1	4059	960940	961036	+	0	0	97	0
Thermococcus_barophilus_DT4	TBDT4v1_1248.mRNA.0	GCA_000151105@Thermococcus_barophilus_MP	NC_014804	999073	999211	+	0	0	0	139
Thermococcus_barophilus_DT4	TBDT4v1_1389.mRNA.0	GCA_000151105@Thermococcus_barophilus_MP	NC_014804	1115428	1115584	-	47	0	0	110
Thermococcus_barophilus_DT4	TBDT4v1_1441.mRNA.0	GCA_000151105@Thermococcus_barophilus_MP	NC_014804	1150659	1150797	-	106	0	0	33
Thermococcus_barophilus_DT4	TBDT4v1_1488.mRNA.0	GCA_000725425@Palaeococcus_pacificus_DY20341	NZ_CP006019	1736169	1736289	-	0	0	92	0
Thermococcus_barophilus_DT4	TBDT4v1_1604.mRNA.0	GCA_000151105@Thermococcus_barophilus_MP	NC_014804	1297597	1297927	-	331	0	0	0
Thermococcus_barophilus_DT4	TBDT4v1_1678.mRNA.0	GCA_000151105@Thermococcus_barophilus_MP	NC_014804	1353972	1354095	+	3	0	56	65
Thermococcus_barophilus_DT4	TBDT4v1_2080.mRNA.0	GCA_001433455@Thermococcus_barophilus_CH5	NZ_CP013050	1982146	1982266	+	0	0	0	121
Thermococcus_coalescens_TS1	THCOA_v1_0343.mRNA.0	GCA_000246985@Thermococcus_litoralis_DSM_5473	NC_022084	1506131	1506335	+	205	0	0	0
Thermococcus_coalescens_TS1	THCOA_v1_0429.mRNA.0	GCA_002214505@Thermococcus_siculi_RG_20	NZ_CP015103	820008	820158	+	151	0	0	0
Thermococcus_coalescens_TS1	THCOA_v1_0661.mRNA.0	GCA_000517445@Thermococcus_paralvinellae_ES1	NZ_CP006965	1568398	1568908	-	511	0	0	0
Thermococcus_coalescens_TS1	THCOA_v1_0686.mRNA.0	GCA_002214505@Thermococcus_siculi_RG_20	NZ_CP015103	211495	211972	+	478	0	0	0
Thermococcus_coalescens_TS1	THCOA_v1_0827.mRNA.0	GCA_000215995@Pyrococcus_yayanosii_CH1	NC_015680	1230660	1230915	+	253	0	3	0
Thermococcus_coalescens_TS1	THCOA_v1_1142.mRNA.0	GCA_000018365@Thermococcus_onnurineus_NA1	NC_011529	1471406	1471529	+	124	0	0	0
Thermococcus_coalescens_TS1	THCOA_v1_1179.mRNA.0	Thermococcus_aegaeus_DSM_12767	11780	1293569	1293890	-	322	0	0	0
Thermococcus_coalescens_TS1	THCOA_v1_2024.mRNA.0	Thermococcus_alcaliphilus_DSM_10322	11782	196108	196366	+	127	0	0	132
Thermococcus_coalescens_TS1	THCOA_v1_2055.mRNA.0	GCA_000246985@Thermococcus_litoralis_DSM_5473	NC_022084	656828	656993	-	166	0	0	0
Thermococcus_coalescens_TS1	THCOA_v1_2129.mRNA.0	GCA_000018365@Thermococcus_onnurineus_NA1	NC_011529	996064	996160	-	97	0	0	0
Thermococcus_coalescens_TS1	THCOA_v1_2196.mRNA.0	GCA_000151105@Thermococcus_barophilus_MP	NC_014804	1098530	1098641	-	112	0	0	0
Thermococcus_E15P35	TE15P35_v1_10109.mRNA.0	Thermococcus_AMTc11	7483	2241148	2241280	-	127	0	5	0
Thermococcus_E15P35	TE15P35_v1_10142.mRNA.0	GCA_000009965@Thermococcus_kodakarensis_KOD1	NC_006624	85330	85420	+	79	0	12	0
Thermococcus_E15P35	TE15P35_v1_10548.mRNA.0	Thermococcus_sp_AMTc09	12160	260878	261001	+	124	0	0	0
Thermococcus_E15P35	TE15P35_v1_10928.mRNA.0	Thermococcus_sp_IRI_05c	8817	1989077	1989407	+	331	0	0	0
Thermococcus_E15P35	TE15P35_v1_10950.mRNA.0	Thermococcus_AMTc30	10769	1596967	1597039	-	73	0	0	0
Thermococcus_E15P35	TE15P35_v1_11126.mRNA.0	Thermococcus_atlanticus_DSM_15226	11783	2238976	2239294	-	319	0	0	0
Thermococcus_E15P35	TE15P35_v1_11754.mRNA.0	GCA_000246985@Thermococcus_litoralis_DSM_5473	NC_022084	764282	764507	-	226	0	0	0
Thermococcus_E15P35	TE15P35_v1_11810.mRNA.0	GCA_001647085@Thermococcus_piezophilus_CDGS	NZ_CP015520	1185016	1185100	-	85	0	0	0
Thermococcus_E15P35	TE15P35_v1_11837.mRNA.0	Thermococcus_AMTc85	10774	1037495	1037669	-	175	0	0	0
Thermococcus_EXT11c	TEXT11C_v1_0999.mRNA.0	Thermococcus_15_2	7488	1865448	1865610	-	79	0	0	84
Thermococcus_EXT11c	TEXT11C_v1_1040.mRNA.0	Thermococcus_prieuri_Col3	7494	1636145	1636403	-	259	0	0	0
Thermococcus_EXT11c	TEXT11C_v1_1221.mRNA.0	GCA_001577775@Pyrococcus_kukulkanii_NCB100	NZ_CP010835	1951055	1951142	-	88	0	0	0
Thermococcus_EXT11c	TEXT11C_v1_1243.mRNA.0	GCA_001647085@Thermococcus_piezophilus_CDGS	NZ_CP015520	1185007	1185082	-	76	0	0	0
Thermococcus_EXT11c	TEXT11C_v1_1256.mRNA.0	Thermococcus_atlanticus_DSM_15226	11783	1988209	1988314	-	81	25	0	0
Thermococcus_EXT11c	TEXT11C_v1_1380.mRNA.0	Pyrococcus_31_3	7490	303387	303495	-	0	0	0	109
Thermococcus_EXT11c	TEXT11C_v1_1425.mRNA.0	GCA_000151205@Thermococcus_sp_AM4	NC_016051	129443	129563	-	121	0	0	0
Thermococcus_fumicolans_ST557	THFUM_v1_0015.mRNA.0	GCA_001433455@Thermococcus_barophilus_CH5	NZ_CP013050	2240567	2240669	-	96	0	2	0
Thermococcus_fumicolans_ST557	THFUM_v1_0117.mRNA.0	GCA_002214505@Thermococcus_siculi_RG_20	NZ_CP015103	1046675	1046798	-	124	0	0	0
Thermococcus_fumicolans_ST557	THFUM_v1_0320.mRNA.0	GCA_000022365@Thermococcus_gammatolerans_EJ3	NC_012804	463344	463938	-	595	0	0	0
Thermococcus_fumicolans_ST557	THFUM_v1_0424.mRNA.0	GCA_035621495@Thermococcus_sp_SY098	NZ_CP141821	1603803	1603908	-	64	0	0	42
Thermococcus_fumicolans_ST557	THFUM_v1_0634.mRNA.0	Thermococcus_sp_CIR_03a	8822	1227291	1227441	-	151	0	0	0
Thermococcus_fumicolans_ST557	THFUM_v1_0733.mRNA.0	GCA_000151205@Thermococcus_sp_AM4	NC_016051	1486868	1487015	+	148	0	0	0
Thermococcus_fumicolans_ST557	THFUM_v1_0845.mRNA.0	Thermococcus_atlanticus_DSM_15226	11783	1439936	1440185	+	250	0	0	0
Thermococcus_fumicolans_ST557	THFUM_v1_1415.mRNA.0	GCA_000022365@Thermococcus_gammatolerans_EJ3	NC_012804	1566070	1566193	+	124	0	0	0
Thermococcus_fumicolans_ST557	THFUM_v1_1945.mRNA.0	GCA_002214485@Thermococcus_pacificus_P4	NZ_CP015102	1131830	1131971	-	142	0	0	0
Thermococcus_IRI_06c	THIRI06C_v1_0050.mRNA.0	Thermococcus_sp_DS1	7110	1201953	1202082	+	130	0	0	0
Thermococcus_IRI_06c	THIRI06C_v1_0101.mRNA.0	Thermococcus_IRI15c	11152	408208	408268	+	61	0	0	0
Thermococcus_IRI_06c	THIRI06C_v1_0104.mRNA.0	GCA_001647085@Thermococcus_piezophilus_CDGS	NZ_CP015520	1185007	1185094	-	88	0	0	0
Thermococcus_IRI_06c	THIRI06C_v1_0203.mRNA.0	GCA_001647085@Thermococcus_piezophilus_CDGS	NZ_CP015520	1258733	1258883	-	151	0	0	0
Thermococcus_IRI_06c	THIRI06C_v1_0216.mRNA.0	GCA_000517445@Thermococcus_paralvinellae_ES1	NZ_CP006965	101016	101226	-	211	0	0	0
Thermococcus_IRI_06c	THIRI06C_v1_0331.mRNA.0	Pyrococcus_31_3	7490	1350253	1350379	+	127	0	0	0
Thermococcus_IRI_06c	THIRI06C_v1_0548.mRNA.0	GCA_000151105@Thermococcus_barophilus_MP	NC_014804	601995	602148	+	154	0	0	0
Thermococcus_IRI_06c	THIRI06C_v1_0691.mRNA.0	GCA_002214545@Thermococcus_thioreducens_OGL_20P	NZ_CP015105	1016384	1016462	+	79	0	0	0
Thermococcus_IRI_06c	THIRI06C_v1_0776.mRNA.0	GCA_000018365@Thermococcus_onnurineus_NA1	NC_011529	626297	626477	+	181	0	0	0
Thermococcus_IRI_06c	THIRI06C_v1_0799.mRNA.0	Thermococcus_23_2	7487	1727188	1727356	+	169	0	0	0
Thermococcus_IRI_06c	THIRI06C_v1_1000.mRNA.0	Thermococcus_AMTc11	7483	1943889	1944000	-	112	0	0	0
Thermococcus_IRI_06c	THIRI06C_v1_1199.mRNA.0	Thermococcus_IRI15c	11152	1362352	1362427	+	76	0	0	0
Thermococcus_IRI_06c	THIRI06C_v1_1277.mRNA.0	Thermococcus_IRI15c	11152	1433079	1433265	-	124	0	0	63
Thermococcus_IRI_06c	THIRI06C_v1_1379.mRNA.0	GCA_002214485@Thermococcus_pacificus_P4	NZ_CP015102	1775059	1775236	+	67	0	0	111
Thermococcus_IRI_06c	THIRI06C_v1_1604.mRNA.0	GCA_000517445@Thermococcus_paralvinellae_ES1	NZ_CP006965	1482027	1482177	+	151	0	0	0
Thermococcus_IRI_06c	THIRI06C_v1_1623.mRNA.0	GCA_001647085@Thermococcus_piezophilus_CDGS	NZ_CP015520	441112	441319	+	208	0	0	0
Thermococcus_IRI_06c	THIRI06C_v1_1727.mRNA.0	GCA_001433455@Thermococcus_barophilus_CH5	NZ_CP013050	1732335	1732386	-	52	0	0	0
Thermococcus_IRI_06c	THIRI06C_v1_1770.mRNA.0	Thermococcus_IRI15c	11152	1844588	1844978	+	391	0	0	0
Thermococcus_IRI_06c	THIRI06C_v1_1908.mRNA.0	Thermococcus_atlanticus_DSM_15226	11783	1531565	1531697	-	133	0	0	0
Thermococcus_IRI_06c	THIRI06C_v1_1913.mRNA.0	Thermococcus_23_2	7487	833231	833360	-	61	0	69	0
Thermococcus_IRI_06c	THIRI06C_v1_2215.mRNA.0	GCA_002214565@Thermococcus_radiotolerans_EJ2	NZ_CP015106	1775315	1775414	-	100	0	0	0
Thermococcus_IRI_06c	THIRI06C_v1_2230.mRNA.0	GCA_000018365@Thermococcus_onnurineus_NA1	NC_011529	1769766	1769844	-	79	0	0	0
Thermococcus_IRI_06c	THIRI06C_v1_2244.mRNA.0	Palaeococcus_helgesoni_DSM_15127	11779	24019	24181	-	155	0	0	8
Thermococcus_IRI_06c	THIRI06C_v1_2314.mRNA.0	Thermococcus_barophilus_CH1	4059	1799102	1799288	+	187	0	0	0
Thermococcus_IRI_06c	THIRI06C_v1_2337.mRNA.0	GCA_000018365@Thermococcus_onnurineus_NA1	NC_011529	1834394	1834655	-	262	0	0	0
Thermococcus_IRI15c	TIRI15C_v1_0051.mRNA.0	GCA_000517445@Thermococcus_paralvinellae_ES1	NZ_CP006965	1606334	1606415	+	82	0	0	0
Thermococcus_IRI15c	TIRI15C_v1_0067.mRNA.0	GCA_000221185@Thermococcus_sp_4557	NC_015865	1213100	1213250	+	151	0	0	0
Thermococcus_IRI15c	TIRI15C_v1_0111.mRNA.0	GCA_000018365@Thermococcus_onnurineus_NA1	NC_011529	1692207	1692348	-	122	0	20	0
Thermococcus_IRI15c	TIRI15C_v1_0233.mRNA.0	Thermococcus_sp_CIR_03a	8822	895124	895208	-	0	85	0	0
Thermococcus_IRI15c	TIRI15C_v1_0239.mRNA.0	GCA_008152015@Thermococcus_aciditolerans_SY113	NZ_CP041932	1046107	1046161	+	55	0	0	0
Thermococcus_IRI15c	TIRI15C_v1_0472.mRNA.0	GCA_000215995@Pyrococcus_yayanosii_CH1	NC_015680	217088	217187	+	100	0	0	0
Thermococcus_IRI15c	TIRI15C_v1_0496.mRNA.0	Pyrococcus_31_3	7490	723086	723173	-	88	0	0	0
Thermococcus_IRI15c	TIRI15C_v1_1217.mRNA.0	Thermococcus_AMTc11	7483	2022108	2022426	+	319	0	0	0
Thermococcus_IRI15c	TIRI15C_v1_1334.mRNA.0	GCA_000018365@Thermococcus_onnurineus_NA1	NC_011529	818926	819613	-	688	0	0	0
Thermococcus_IRI15c	TIRI15C_v1_1341.mRNA.0	GCA_002214605@Thermococcus_chitonophagus	NZ_CP015193	173480	173651	-	172	0	0	0
Thermococcus_IRI15c	TIRI15C_v1_1342.mRNA.0	GCA_000215995@Pyrococcus_yayanosii_CH1	NC_015680	1273087	1273123	-	37	0	0	0
Thermococcus_IRI15c	TIRI15C_v1_1343.mRNA.0	GCA_001577775@Pyrococcus_kukulkanii_NCB100	NZ_CP010835	1225115	1225475	+	361	0	0	0
Thermococcus_IRI15c	TIRI15C_v1_1851.mRNA.0	GCA_000215995@Pyrococcus_yayanosii_CH1	NC_015680	1230624	1230894	+	232	0	39	0
Thermococcus_IRI15c	TIRI15C_v1_1933.mRNA.0	Thermococcus_23_2	7487	1085326	1085443	-	92	0	26	0
Thermococcus_marinus_DSM_15227	THMAR_v1_0061.mRNA.0	GCA_002214565@Thermococcus_radiotolerans_EJ2	NZ_CP015106	887446	887542	+	97	0	0	0
Thermococcus_marinus_DSM_15227	THMAR_v1_0112.mRNA.0	Thermococcus_stetteri_DSM_5262	11785	1373551	1374124	+	186	22	366	0
Thermococcus_marinus_DSM_15227	THMAR_v1_0558.mRNA.0	GCA_000816105@Thermococcus_guaymasensis_DSM_11113	NZ_CP007140	1721621	1721819	+	108	91	0	0
Thermococcus_marinus_DSM_15227	THMAR_v1_0767.mRNA.0	GCA_000011105@Pyrococcus_horikoshii_OT3	NC_000961	475778	475970	+	193	0	0	0
Thermococcus_marinus_DSM_15227	THMAR_v1_0959.mRNA.0	Thermococcus_23_2	7487	1383595	1383775	-	136	0	0	45
Thermococcus_marinus_DSM_15227	THMAR_v1_1290.mRNA.0	Thermococcus_sp_E10P11	11811	1445212	1445287	+	76	0	0	0
Thermococcus_marinus_DSM_15227	THMAR_v1_1355.mRNA.0	Thermococcus_23_2	7487	534729	534843	-	115	0	0	0
Thermococcus_marinus_DSM_15227	THMAR_v1_1553.mRNA.0	GCA_000151105@Thermococcus_barophilus_MP	NC_014804	1480696	1480849	+	154	0	0	0
Thermococcus_marinus_DSM_15227	THMAR_v1_1648.mRNA.0	GCA_000018365@Thermococcus_onnurineus_NA1	NC_011529	1545755	1545995	-	241	0	0	0
Thermococcus_marinus_DSM_15227	THMAR_v1_1702.mRNA.0	GCA_000263735@Pyrococcus_sp_ST04	NC_017946	228273	228423	-	151	0	0	0
Thermococcus_marinus_DSM_15227	THMAR_v1_1804.mRNA.0	GCA_904067545@Thermococcus_camini_IRI35c	NZ_LR881183	1896476	1896755	+	280	0	0	0
Thermococcus_marinus_DSM_15227	THMAR_v1_2205.mRNA.0	GCA_000246985@Thermococcus_litoralis_DSM_5473	NC_022084	2189848	2189983	+	64	0	0	72
Thermococcus_marinus_DSM_15227	THMAR_v1_2239.mRNA.0	GCA_000215995@Pyrococcus_yayanosii_CH1	NC_015680	1239313	1239403	+	26	0	65	0
Thermococcus_prieuri_Col3	TPCOL3_v1_0571.mRNA.0	Thermococcus_31_3	7489	1040991	1041126	-	136	0	0	0
Thermococcus_prieuri_Col3	TPCOL3_v1_0572.mRNA.0	Thermococcus_31_3	7489	1041007	1041154	+	148	0	0	0
Thermococcus_prieuri_Col3	TPCOL3_v1_0573.mRNA.0	GCA_000018365@Thermococcus_onnurineus_NA1	NC_011529	818948	819041	-	94	0	0	0
Thermococcus_prieuri_Col3	TPCOL3_v1_0574.mRNA.0	Thermococcus_31_3	7489	1041252	1041357	+	106	0	0	0
Thermococcus_prieuri_Col3	TPCOL3_v1_1199.mRNA.0	GCA_000246985@Thermococcus_litoralis_DSM_5473	NC_022084	775784	776063	-	280	0	0	0
Thermococcus_profundus_DSM_9503	TPROv1_0152.mRNA.0	GCA_000221185@Thermococcus_sp_4557	NC_015865	1414571	1414622	-	52	0	0	0
Thermococcus_profundus_DSM_9503	TPROv1_0211.mRNA.0	Thermococcus_stetteri_DSM_5262	11785	1290782	1290857	-	76	0	0	0
Thermococcus_profundus_DSM_9503	TPROv1_0472.mRNA.0	Thermococcus_fumicolans_ST557	14021	897548	897614	+	67	0	0	0
Thermococcus_profundus_DSM_9503	TPROv1_0473.mRNA.0	GCA_000517445@Thermococcus_paralvinellae_ES1	NZ_CP006965	323269	323371	-	103	0	0	0
Thermococcus_profundus_DSM_9503	TPROv1_0532.mRNA.0	GCA_002214505@Thermococcus_siculi_RG_20	NZ_CP015103	953974	954082	+	94	0	0	15
Thermococcus_profundus_DSM_9503	TPROv1_0732.mRNA.0	GCA_001592435@Thermococcus_peptonophilus_OG_1	NZ_CP014750	502622	502769	-	148	0	0	0
Thermococcus_profundus_DSM_9503	TPROv1_0849.mRNA.0	GCA_000022365@Thermococcus_gammatolerans_EJ3	NC_012804	998640	998748	-	109	0	0	0
Thermococcus_profundus_DSM_9503	TPROv1_1063.mRNA.0	Thermococcus_fumicolans_ST557	14021	1332870	1333197	-	328	0	0	0
Thermococcus_profundus_DSM_9503	TPROv1_1937.mRNA.0	GCA_000018365@Thermococcus_onnurineus_NA1	NC_011529	1740431	1740629	+	199	0	0	0
Thermococcus_profundus_DSM_9503	TPROv1_1955.mRNA.0	GCA_008152015@Thermococcus_aciditolerans_SY113	NZ_CP041932	1399277	1399403	-	127	0	0	0
Thermococcus_sp_23_4	THER234_v1_0061.mRNA.0	Thermococcus_atlanticus_DSM_15226	11783	1615955	1616159	-	205	0	0	0
Thermococcus_sp_23_4	THER234_v1_0102.mRNA.0	GCA_035621495@Thermococcus_sp_SY098	NZ_CP141821	1361291	1361480	+	190	0	0	0
Thermococcus_sp_23_4	THER234_v1_0104.mRNA.0	GCA_000258515@Thermococcus_zilligii_AN1	NZ_AJLF01000002	215408	215561	+	154	0	0	0
Thermococcus_sp_23_4	THER234_v1_0245.mRNA.0	GCA_002214465@Thermococcus_barossii_SHCK_94	NZ_CP015101	1822314	1822398	-	85	0	0	0
Thermococcus_sp_23_4	THER234_v1_0246.mRNA.0	GCA_000517445@Thermococcus_paralvinellae_ES1	NZ_CP006965	1606334	1606433	+	100	0	0	0
Thermococcus_sp_23_4	THER234_v1_0272.mRNA.0	Thermococcus_coalescens_TS1	14020	2051220	2051292	-	73	0	0	0
Thermococcus_sp_23_4	THER234_v1_0283.mRNA.0	Thermococcus_AMTc51	10770	43479	43866	+	388	0	0	0
Thermococcus_sp_23_4	THER234_v1_0423.mRNA.0	GCA_000215995@Pyrococcus_yayanosii_CH1	NC_015680	1462007	1462172	+	0	0	0	166
Thermococcus_sp_23_4	THER234_v1_0450.mRNA.0	GCA_900198835@Thermococcus_henrietii_EXT12c	NZ_LT900021	832978	833068	-	91	0	0	0
Thermococcus_sp_23_4	THER234_v1_0507.mRNA.0	Thermococcus_atlanticus_DSM_15226	11783	1940628	1940718	+	91	0	0	0
Thermococcus_sp_23_4	THER234_v1_0650.mRNA.0	GCA_000265525@Thermococcus_cleftensis_CL1	NC_018015	442195	442297	-	103	0	0	0
Thermococcus_sp_23_4	THER234_v1_0651.mRNA.0	GCA_002214465@Thermococcus_barossii_SHCK_94	NZ_CP015101	308835	309084	-	250	0	0	0
Thermococcus_sp_23_4	THER234_v1_0691.mRNA.0	GCA_002214565@Thermococcus_radiotolerans_EJ2	NZ_CP015106	851867	851972	-	101	0	5	0
Thermococcus_sp_23_4	THER234_v1_0749.mRNA.0	Thermococcus_sp_IRI24c	11800	1893724	1894006	-	283	0	0	0
Thermococcus_sp_23_4	THER234_v1_0896.mRNA.0	GCA_000018365@Thermococcus_onnurineus_NA1	NC_011529	423941	424187	+	247	0	0	0
Thermococcus_sp_23_4	THER234_v1_0897.mRNA.0	GCA_002214485@Thermococcus_pacificus_P4	NZ_CP015102	1083921	1084350	+	430	0	0	0
Thermococcus_sp_23_4	THER234_v1_0947.mRNA.0	GCA_000018365@Thermococcus_onnurineus_NA1	NC_011529	461503	461710	-	103	0	0	105
Thermococcus_sp_23_4	THER234_v1_1297.mRNA.0	Thermococcus_15_2	7488	751921	752041	-	121	0	0	0
Thermococcus_sp_23_4	THER234_v1_1363.mRNA.0	GCA_000022365@Thermococcus_gammatolerans_EJ3	NC_012804	522688	522901	-	214	0	0	0
Thermococcus_sp_23_4	THER234_v1_1452.mRNA.0	GCA_000246985@Thermococcus_litoralis_DSM_5473	NC_022084	658616	658982	-	367	0	0	0
Thermococcus_sp_23_4	THER234_v1_1660.mRNA.0	Thermococcus_sp_IRI_05c	8817	608395	608605	-	172	0	0	39
Thermococcus_sp_23_4	THER234_v1_1668.mRNA.0	GCA_000009965@Thermococcus_kodakarensis_KOD1	NC_006624	2075875	2075929	-	55	0	0	0
Thermococcus_sp_23_4	THER234_v1_1765.mRNA.0	Thermococcus_AMTc11	7483	612296	612374	-	79	0	0	0
Thermococcus_sp_23_4	THER234_v1_1803.mRNA.0	GCA_902813195@Thermococcus_sp_2319x1_Essen	NZ_LR778300	1242235	1242361	-	127	0	0	0
Thermococcus_sp_23_4	THER234_v1_1981.mRNA.0	Thermococcus_sp_E10P11	11811	1468400	1468550	-	151	0	0	0
Thermococcus_sp_23_4	THER234_v1_2014.mRNA.0	GCA_001647085@Thermococcus_piezophilus_CDGS	NZ_CP015520	847205	847355	+	151	0	0	0
Thermococcus_sp_26_2	THER262_v1_0215.mRNA.0	Thermococcus_23_2	7487	165593	165806	-	214	0	0	0
Thermococcus_sp_26_2	THER262_v1_0315.mRNA.0	GCA_000022365@Thermococcus_gammatolerans_EJ3	NC_012804	1403368	1403515	+	148	0	0	0
Thermococcus_sp_26_2	THER262_v1_0458.mRNA.0	Thermococcus_AMTc30	10769	790703	790802	+	100	0	0	0
Thermococcus_sp_26_2	THER262_v1_0483.mRNA.0	GCA_000769655@Thermococcus_eurythermalis_A501	NZ_CP008887	1061419	1061581	+	162	1	0	0
Thermococcus_sp_26_2	THER262_v1_0537.mRNA.0	Thermococcus_AMTc85	10774	1067609	1067741	+	133	0	0	0
Thermococcus_sp_26_2	THER262_v1_0711.mRNA.0	GCA_000246985@Thermococcus_litoralis_DSM_5473	NC_022084	2189552	2189612	+	61	0	0	0
Thermococcus_sp_26_2	THER262_v1_0747.mRNA.0	GCA_002214545@Thermococcus_thioreducens_OGL_20P	NZ_CP015105	517103	517202	-	100	0	0	0
Thermococcus_sp_26_2	THER262_v1_0933.mRNA.0	Pyrococcus_31_3	7490	1835921	1836272	-	352	0	0	0
Thermococcus_sp_26_2	THER262_v1_0977.mRNA.0	Thermococcus_sp_E10P11	11811	1139503	1139779	-	277	0	0	0
Thermococcus_sp_26_2	THER262_v1_1037.mRNA.0	GCA_006274605@Thermococcus_indicus_IOH1	NZ_CP040846	118566	118668	-	103	0	0	0
Thermococcus_sp_26_2	THER262_v1_1041.mRNA.0	Thermococcus_IRI_06c	12654	1702367	1702475	+	60	49	0	0
Thermococcus_sp_26_2	THER262_v1_1053.mRNA.0	GCA_024707485@Thermococcus_sp_813A4	NZ_CP102602	1621399	1621552	+	154	0	0	0
Thermococcus_sp_26_2	THER262_v1_1206.mRNA.0	Thermococcus_stetteri_DSM_5262	11785	969058	969169	+	112	0	0	0
Thermococcus_sp_26_2	THER262_v1_1304.mRNA.0	GCA_000769655@Thermococcus_eurythermalis_A501	NZ_CP008887	745757	745829	+	73	0	0	0
Thermococcus_sp_26_2	THER262_v1_1355.mRNA.0	Thermococcus_atlanticus_DSM_15226	11783	1786801	1786981	-	69	0	0	111
Thermococcus_sp_26_2	THER262_v1_1694.mRNA.0	GCA_000517445@Thermococcus_paralvinellae_ES1	NZ_CP006965	1266254	1266635	-	382	0	0	0
Thermococcus_sp_26_2	THER262_v1_1876.mRNA.0	GCA_900198835@Thermococcus_henrietii_EXT12c	NZ_LT900021	1714985	1715093	-	109	0	0	0
Thermococcus_sp_26_2	THER262_v1_1877.mRNA.0	GCA_900198835@Thermococcus_henrietii_EXT12c	NZ_LT900021	1715132	1715195	+	64	0	0	0
Thermococcus_sp_26_2	THER262_v1_1960.mRNA.0	Thermococcus_AMTc30	10769	1908518	1908647	-	130	0	0	0
Thermococcus_sp_26_2	THER262_v1_2089.mRNA.0	GCA_000022365@Thermococcus_gammatolerans_EJ3	NC_012804	1053371	1053473	-	103	0	0	0
Thermococcus_sp_33_3	THER333_v1_0293.mRNA.0	Thermococcus_IRI_06c	12654	79063	79216	-	154	0	0	0
Thermococcus_sp_33_3	THER333_v1_0294.mRNA.0	GCA_001647085@Thermococcus_piezophilus_CDGS	NZ_CP015520	1185007	1185100	-	94	0	0	0
Thermococcus_sp_33_3	THER333_v1_0599.mRNA.0	Thermococcus_sp_E10P11	11811	942136	942316	+	181	0	0	0
Thermococcus_sp_33_3	THER333_v1_0846.mRNA.0	Thermococcus_E15P35	10971	1096740	1096806	+	67	0	0	0
Thermococcus_sp_33_3	THER333_v1_0870.mRNA.0	Thermococcus_sp_unknown	8821	1697224	1697281	+	44	0	0	14
Thermococcus_sp_33_3	THER333_v1_1028.mRNA.0	GCA_000517445@Thermococcus_paralvinellae_ES1	NZ_CP006965	1498425	1498506	+	82	0	0	0
Thermococcus_sp_33_3	THER333_v1_1030.mRNA.0	Thermococcus_sp_AMTc79	11778	262198	262291	-	94	0	0	0
Thermococcus_sp_33_3	THER333_v1_1137.mRNA.0	Thermococcus_AMTc30	10769	1596967	1597039	-	73	0	0	0
Thermococcus_sp_33_3	THER333_v1_1317.mRNA.0	Thermococcus_atlanticus_DSM_15226	11783	749832	750087	-	256	0	0	0
Thermococcus_sp_33_3	THER333_v1_1324.mRNA.0	GCA_000769655@Thermococcus_eurythermalis_A501	NZ_CP008887	8331	8487	-	157	0	0	0
Thermococcus_sp_33_3	THER333_v1_1653.mRNA.0	GCA_000246985@Thermococcus_litoralis_DSM_5473	NC_022084	643609	643969	+	361	0	0	0
Thermococcus_sp_33_3	THER333_v1_1821.mRNA.0	Thermococcus_sp_AMTc79	11778	1564682	1564751	+	70	0	0	0
Thermococcus_sp_33_3	THER333_v1_2076.mRNA.0	GCA_000018365@Thermococcus_onnurineus_NA1	NC_011529	469346	469451	+	106	0	0	0
Thermococcus_sp_9_3	THER93_v1_0058.mRNA.0	GCA_001592435@Thermococcus_peptonophilus_OG_1	NZ_CP014750	527477	527567	+	91	0	0	0
Thermococcus_sp_9_3	THER93_v1_0247.mRNA.0	GCA_000246985@Thermococcus_litoralis_DSM_5473	NC_022084	764282	764507	-	226	0	0	0
Thermococcus_sp_9_3	THER93_v1_0302.mRNA.0	GCA_001647085@Thermococcus_piezophilus_CDGS	NZ_CP015520	1185007	1185100	-	94	0	0	0
Thermococcus_sp_9_3	THER93_v1_1576.mRNA.0	Thermococcus_atlanticus_DSM_15226	11783	749832	750087	-	256	0	0	0
Thermococcus_sp_9_3	THER93_v1_1691.mRNA.0	GCA_002214545@Thermococcus_thioreducens_OGL_20P	NZ_CP015105	1724919	1725078	+	109	0	0	51
Thermococcus_sp_9_3	THER93_v1_1738.mRNA.0	Thermococcus_sp_IRI_05c	8817	1989146	1989407	+	262	0	0	0
Thermococcus_sp_9_3	THER93_v1_2021.mRNA.0	Thermococcus_E15P35	10971	1077504	1077585	+	82	0	0	0
Thermococcus_sp_9_3	THER93_v1_2054.mRNA.0	Thermococcus_31_3	7489	269137	269299	-	163	0	0	0
Thermococcus_sp_9_3	THER93_v1_2230.mRNA.0	GCA_000769655@Thermococcus_eurythermalis_A501	NZ_CP008887	562839	562971	+	133	0	0	0
Thermococcus_sp_AMTc09	TAMTC09_v1_0079.mRNA.0	Thermococcus_AMTc51	10770	689579	689762	-	184	0	0	0
Thermococcus_sp_AMTc09	TAMTC09_v1_0081.mRNA.0	Thermococcus_sp_26_2	8824	1739218	1739386	-	169	0	0	0
Thermococcus_sp_AMTc09	TAMTC09_v1_0096.mRNA.0	Thermococcus_AMTc30	10769	1908518	1908647	-	130	0	0	0
Thermococcus_sp_AMTc09	TAMTC09_v1_0220.mRNA.0	GCA_000011105@Pyrococcus_horikoshii_OT3	NC_000961	475706	475970	+	265	0	0	0
Thermococcus_sp_AMTc09	TAMTC09_v1_0364.mRNA.0	Thermococcus_sp_CIR_03a	8822	285281	285761	+	436	0	0	45
Thermococcus_sp_AMTc09	TAMTC09_v1_0473.mRNA.0	GCA_000022545@Thermococcus_sibiricus_MM_739	NC_012883	1439004	1439361	+	358	0	0	0
Thermococcus_sp_AMTc09	TAMTC09_v1_0600.mRNA.0	Thermococcus_waiotapuensis_WT1	14024	179104	179191	-	88	0	0	0
Thermococcus_sp_AMTc09	TAMTC09_v1_0767.mRNA.0	GCA_000769655@Thermococcus_eurythermalis_A501	NZ_CP008887	745757	745829	+	73	0	0	0
Thermococcus_sp_AMTc09	TAMTC09_v1_0772.mRNA.0	GCA_006274605@Thermococcus_indicus_IOH1	NZ_CP040846	2038988	2039147	+	129	0	26	5
Thermococcus_sp_AMTc09	TAMTC09_v1_1064.mRNA.0	GCA_001433455@Thermococcus_barophilus_CH5	NZ_CP013050	1899140	1899296	-	157	0	0	0
Thermococcus_sp_AMTc09	TAMTC09_v1_1066.mRNA.0	Thermococcus_sp_26_2	8824	946469	946631	-	163	0	0	0
Thermococcus_sp_AMTc09	TAMTC09_v1_1074.mRNA.0	GCA_000258515@Thermococcus_zilligii_AN1	NZ_AJLF01000002	221735	221909	-	175	0	0	0
Thermococcus_sp_AMTc09	TAMTC09_v1_1250.mRNA.0	Thermococcus_sp_26_2	8824	731989	732205	+	217	0	0	0
Thermococcus_sp_AMTc09	TAMTC09_v1_1260.mRNA.0	Thermococcus_sp_IRI24c	11800	1357760	1357805	-	14	0	0	32
Thermococcus_sp_AMTc09	TAMTC09_v1_1340.mRNA.0	GCA_900198835@Thermococcus_henrietii_EXT12c	NZ_LT900021	580577	581129	-	188	0	0	90
Thermococcus_sp_AMTc09	TAMTC09_v1_1367.mRNA.0	Thermococcus_sp_26_2	8824	623045	623411	-	221	0	0	146
Thermococcus_sp_AMTc09	TAMTC09_v1_1376.mRNA.0	GCA_000246985@Thermococcus_litoralis_DSM_5473	NC_022084	2189552	2189612	+	61	0	0	0
Thermococcus_sp_AMTc09	TAMTC09_v1_1548.mRNA.0	Thermococcus_AMTc85	10774	1067609	1067741	+	133	0	0	0
Thermococcus_sp_AMTc09	TAMTC09_v1_1565.mRNA.0	Thermococcus_sp_26_2	8824	454238	454451	-	214	0	0	0
Thermococcus_sp_AMTc09	TAMTC09_v1_1604.mRNA.0	GCA_000769655@Thermococcus_eurythermalis_A501	NZ_CP008887	1061419	1061581	+	162	1	0	0
Thermococcus_sp_AMTc09	TAMTC09_v1_1629.mRNA.0	Thermococcus_AMTc30	10769	790706	790802	+	97	0	0	0
Thermococcus_sp_AMTc09	TAMTC09_v1_1778.mRNA.0	GCA_000022365@Thermococcus_gammatolerans_EJ3	NC_012804	1403368	1403515	+	148	0	0	0
Thermococcus_sp_AMTc09	TAMTC09_v1_1882.mRNA.0	GCA_001647085@Thermococcus_piezophilus_CDGS	NZ_CP015520	1439277	1439499	+	223	0	0	0
Thermococcus_sp_AMTc09	TAMTC09_v1_2142.mRNA.0	GCA_000151105@Thermococcus_barophilus_MP	NC_014804	299046	299364	-	319	0	0	0
Thermococcus_sp_AMTc09	TAMTC09_v1_2306.mRNA.0	GCA_000022365@Thermococcus_gammatolerans_EJ3	NC_012804	1053311	1053473	-	163	0	0	0
Thermococcus_sp_AMTc102	THAMT102_v1_0038.mRNA.0	Thermococcus_sp_CIR_03a	8822	285281	285761	+	436	0	0	45
Thermococcus_sp_AMTc102	THAMT102_v1_0194.mRNA.0	GCA_000011105@Pyrococcus_horikoshii_OT3	NC_000961	475706	475970	+	265	0	0	0
Thermococcus_sp_AMTc102	THAMT102_v1_0240.mRNA.0	GCA_900198835@Thermococcus_henrietii_EXT12c	NZ_LT900021	1714985	1715093	-	109	0	0	0
Thermococcus_sp_AMTc102	THAMT102_v1_0325.mRNA.0	Thermococcus_AMTc30	10769	1908518	1908647	-	130	0	0	0
Thermococcus_sp_AMTc102	THAMT102_v1_0340.mRNA.0	Thermococcus_AMTc51	10770	690455	690632	-	178	0	0	0
Thermococcus_sp_AMTc102	THAMT102_v1_0341.mRNA.0	Thermococcus_AMTc51	10770	689579	689762	-	184	0	0	0
Thermococcus_sp_AMTc102	THAMT102_v1_0873.mRNA.0	GCA_001647085@Thermococcus_piezophilus_CDGS	NZ_CP015520	1439277	1439499	+	223	0	0	0
Thermococcus_sp_AMTc102	THAMT102_v1_1098.mRNA.0	GCA_000022365@Thermococcus_gammatolerans_EJ3	NC_012804	227454	227538	-	85	0	0	0
Thermococcus_sp_AMTc102	THAMT102_v1_1124.mRNA.0	Thermococcus_AMTc30	10769	790706	790802	+	97	0	0	0
Thermococcus_sp_AMTc102	THAMT102_v1_1150.mRNA.0	GCA_000769655@Thermococcus_eurythermalis_A501	NZ_CP008887	1061419	1061581	+	162	1	0	0
Thermococcus_sp_AMTc102	THAMT102_v1_1203.mRNA.0	Thermococcus_AMTc85	10774	1067609	1067741	+	133	0	0	0
Thermococcus_sp_AMTc102	THAMT102_v1_1204.mRNA.0	Thermococcus_AMTc30	10769	922580	922781	+	202	0	0	0
Thermococcus_sp_AMTc102	THAMT102_v1_1379.mRNA.0	GCA_902813195@Thermococcus_sp_2319x1_Essen	NZ_LR778300	1111381	1111585	+	205	0	0	0
Thermococcus_sp_AMTc102	THAMT102_v1_1414.mRNA.0	GCA_900198835@Thermococcus_henrietii_EXT12c	NZ_LT900021	580577	581129	-	188	0	0	90
Thermococcus_sp_AMTc102	THAMT102_v1_1689.mRNA.0	GCA_006274605@Thermococcus_indicus_IOH1	NZ_CP040846	118566	118668	-	103	0	0	0
Thermococcus_sp_AMTc102	THAMT102_v1_1787.mRNA.0	GCA_000769655@Thermococcus_eurythermalis_A501	NZ_CP008887	319593	319701	+	109	0	0	0
Thermococcus_sp_AMTc102	THAMT102_v1_1856.mRNA.0	GCA_000215995@Pyrococcus_yayanosii_CH1	NC_015680	1230660	1230915	+	253	0	3	0
Thermococcus_sp_AMTc102	THAMT102_v1_1965.mRNA.0	GCA_000769655@Thermococcus_eurythermalis_A501	NZ_CP008887	745757	745829	+	73	0	0	0
Thermococcus_sp_AMTc71	TAMTC71_v2_0102.mRNA.0	GCA_000211475@Pyrococcus_sp_NA2	NC_015474	481173	481347	+	175	0	0	0
Thermococcus_sp_AMTc71	TAMTC71_v2_0137.mRNA.0	GCA_000246985@Thermococcus_litoralis_DSM_5473	NC_022084	977481	977970	+	490	0	0	0
Thermococcus_sp_AMTc71	TAMTC71_v2_0188.mRNA.0	Thermococcus_sp_CIR_03a	8822	2006392	2006464	-	73	0	0	0
Thermococcus_sp_AMTc71	TAMTC71_v2_0380.mRNA.0	Thermococcus_sp_IRI_05c	8817	1163004	1163172	+	168	1	0	0
Thermococcus_sp_AMTc71	TAMTC71_v2_0610.mRNA.0	Thermococcus_IRI15c	11152	1054267	1054489	+	223	0	0	0
Thermococcus_sp_AMTc71	TAMTC71_v2_0682.mRNA.0	Thermococcus_sp_IRI24c	11800	489811	489991	-	181	0	0	0
Thermococcus_sp_AMTc71	TAMTC71_v2_0920.mRNA.0	GCA_000022545@Thermococcus_sibiricus_MM_739	NC_012883	1439004	1439316	+	313	0	0	0
Thermococcus_sp_AMTc71	TAMTC71_v2_1082.mRNA.0	Palaeococcus_helgesoni_DSM_15127	11779	1574489	1574609	-	47	0	74	0
Thermococcus_sp_AMTc71	TAMTC71_v2_1190.mRNA.0	Thermococcus_23_2	7487	1085326	1085443	-	92	0	26	0
Thermococcus_sp_AMTc71	TAMTC71_v2_1302.mRNA.0	Thermococcus_atlanticus_DSM_15226	11783	1667490	1667823	-	334	0	0	0
Thermococcus_sp_AMTc71	TAMTC71_v2_1341.mRNA.0	GCA_002214565@Thermococcus_radiotolerans_EJ2	NZ_CP015106	1467242	1467317	-	31	0	0	45
Thermococcus_sp_AMTc71	TAMTC71_v2_1526.mRNA.0	Thermococcus_23_2	7487	713333	713594	+	262	0	0	0
Thermococcus_sp_AMTc71	TAMTC71_v2_1606.mRNA.0	GCA_006274605@Thermococcus_indicus_IOH1	NZ_CP040846	332227	332497	+	271	0	0	0
Thermococcus_sp_AMTc71	TAMTC71_v2_1658.mRNA.0	GCA_002214505@Thermococcus_siculi_RG_20	NZ_CP015103	721016	721214	-	199	0	0	0
Thermococcus_sp_AMTc71	TAMTC71_v2_1931.mRNA.0	GCA_024707485@Thermococcus_sp_813A4	NZ_CP102602	1276646	1276796	+	151	0	0	0
Thermococcus_sp_AMTc71	TAMTC71_v2_2117.mRNA.0	GCA_000018365@Thermococcus_onnurineus_NA1	NC_011529	309132	309231	-	100	0	0	0
Thermococcus_sp_AMTc72	TAMTC72_v2_0102.mRNA.0	GCA_000211475@Pyrococcus_sp_NA2	NC_015474	481173	481347	+	175	0	0	0
Thermococcus_sp_AMTc72	TAMTC72_v2_0137.mRNA.0	GCA_000246985@Thermococcus_litoralis_DSM_5473	NC_022084	977481	977970	+	490	0	0	0
Thermococcus_sp_AMTc72	TAMTC72_v2_0274.mRNA.0	Thermococcus_IRI15c	11152	894304	894370	-	67	0	0	0
Thermococcus_sp_AMTc72	TAMTC72_v2_0380.mRNA.0	Thermococcus_sp_IRI_05c	8817	1163004	1163172	+	168	1	0	0
Thermococcus_sp_AMTc72	TAMTC72_v2_0610.mRNA.0	Thermococcus_IRI15c	11152	1054267	1054489	+	223	0	0	0
Thermococcus_sp_AMTc72	TAMTC72_v2_0681.mRNA.0	GCA_000221185@Thermococcus_sp_4557	NC_015865	97875	98004	-	130	0	0	0
Thermococcus_sp_AMTc72	TAMTC72_v2_0683.mRNA.0	Thermococcus_sp_IRI24c	11800	489811	489991	-	181	0	0	0
Thermococcus_sp_AMTc72	TAMTC72_v2_0922.mRNA.0	GCA_000022545@Thermococcus_sibiricus_MM_739	NC_012883	1439004	1439316	+	313	0	0	0
Thermococcus_sp_AMTc72	TAMTC72_v2_1084.mRNA.0	Palaeococcus_helgesoni_DSM_15127	11779	1574489	1574609	-	47	0	74	0
Thermococcus_sp_AMTc72	TAMTC72_v2_1191.mRNA.0	Thermococcus_23_2	7487	1085326	1085443	-	92	0	26	0
Thermococcus_sp_AMTc72	TAMTC72_v2_1303.mRNA.0	Thermococcus_atlanticus_DSM_15226	11783	1667490	1667823	-	334	0	0	0
Thermococcus_sp_AMTc72	TAMTC72_v2_1314.mRNA.0	Thermococcus_AMTc11	7483	670423	670555	-	133	0	0	0
Thermococcus_sp_AMTc72	TAMTC72_v2_1343.mRNA.0	GCA_002214565@Thermococcus_radiotolerans_EJ2	NZ_CP015106	1467242	1467317	-	31	0	0	45
Thermococcus_sp_AMTc72	TAMTC72_v2_1528.mRNA.0	Thermococcus_23_2	7487	713333	713594	+	262	0	0	0
Thermococcus_sp_AMTc72	TAMTC72_v2_1608.mRNA.0	GCA_006274605@Thermococcus_indicus_IOH1	NZ_CP040846	332227	332497	+	271	0	0	0
Thermococcus_sp_AMTc72	TAMTC72_v2_1659.mRNA.0	GCA_002214505@Thermococcus_siculi_RG_20	NZ_CP015103	721016	721214	-	199	0	0	0
Thermococcus_sp_AMTc72	TAMTC72_v2_1932.mRNA.0	GCA_024707485@Thermococcus_sp_813A4	NZ_CP102602	1276646	1276796	+	151	0	0	0
Thermococcus_sp_AMTc72	TAMTC72_v2_2119.mRNA.0	GCA_000018365@Thermococcus_onnurineus_NA1	NC_011529	309132	309231	-	100	0	0	0
Thermococcus_sp_AMTc79	TAMTC79_v1_0014.mRNA.0	GCA_000769655@Thermococcus_eurythermalis_A501	NZ_CP008887	8331	8487	-	157	0	0	0
Thermococcus_sp_AMTc79	TAMTC79_v1_0279.mRNA.0	Thermococcus_AMTc51	10770	1465188	1465251	-	64	0	0	0
Thermococcus_sp_AMTc79	TAMTC79_v1_0293.mRNA.0	Thermococcus_IRI_06c	12654	1385989	1386532	-	395	0	0	149
Thermococcus_sp_AMTc79	TAMTC79_v1_0556.mRNA.0	GCA_001577775@Pyrococcus_kukulkanii_NCB100	NZ_CP010835	301015	301423	+	409	0	0	0
Thermococcus_sp_AMTc79	TAMTC79_v1_0599.mRNA.0	GCA_000769655@Thermococcus_eurythermalis_A501	NZ_CP008887	562839	562971	+	133	0	0	0
Thermococcus_sp_AMTc79	TAMTC79_v1_0681.mRNA.0	GCA_000151205@Thermococcus_sp_AM4	NC_016051	1859283	1859337	+	55	0	0	0
Thermococcus_sp_AMTc79	TAMTC79_v1_0768.mRNA.0	GCA_002214605@Thermococcus_chitonophagus	NZ_CP015193	1292539	1292686	+	148	0	0	0
Thermococcus_sp_AMTc79	TAMTC79_v1_0984.mRNA.0	GCA_000246985@Thermococcus_litoralis_DSM_5473	NC_022084	764282	764507	-	226	0	0	0
Thermococcus_sp_AMTc79	TAMTC79_v1_1073.mRNA.0	GCA_001647085@Thermococcus_piezophilus_CDGS	NZ_CP015520	1185007	1185100	-	94	0	0	0
Thermococcus_sp_AMTc94	TAMTC94_v1_0126.mRNA.0	GCA_000022365@Thermococcus_gammatolerans_EJ3	NC_012804	1274570	1274777	-	169	0	0	39
Thermococcus_sp_AMTc94	TAMTC94_v1_0295.mRNA.0	GCA_001647085@Thermococcus_piezophilus_CDGS	NZ_CP015520	1609998	1610091	-	73	0	0	21
Thermococcus_sp_AMTc94	TAMTC94_v1_0379.mRNA.0	GCA_000018365@Thermococcus_onnurineus_NA1	NC_011529	426847	427177	-	331	0	0	0
Thermococcus_sp_AMTc94	TAMTC94_v1_0782.mRNA.0	GCA_001647085@Thermococcus_piezophilus_CDGS	NZ_CP015520	1185007	1185100	-	94	0	0	0
Thermococcus_sp_AMTc94	TAMTC94_v1_0806.mRNA.0	GCA_000246985@Thermococcus_litoralis_DSM_5473	NC_022084	554683	554851	+	169	0	0	0
Thermococcus_sp_AMTc94	TAMTC94_v1_0840.mRNA.0	GCA_000246985@Thermococcus_litoralis_DSM_5473	NC_022084	764282	764507	-	226	0	0	0
Thermococcus_sp_AMTc94	TAMTC94_v1_1059.mRNA.0	Thermococcus_sp_AMTc71	13480	1575711	1575921	-	151	0	0	60
Thermococcus_sp_AMTc94	TAMTC94_v1_1063.mRNA.0	Thermococcus_sp_E10P11	11811	942136	942316	+	181	0	0	0
Thermococcus_sp_AMTc94	TAMTC94_v1_1082.mRNA.0	Thermococcus_AMTc30	10769	1160267	1160438	-	152	0	20	0
Thermococcus_sp_AMTc94	TAMTC94_v1_1373.mRNA.0	GCA_000265525@Thermococcus_cleftensis_CL1	NC_018015	1115734	1115893	+	160	0	0	0
Thermococcus_sp_AMTc94	TAMTC94_v1_1539.mRNA.0	GCA_000246985@Thermococcus_litoralis_DSM_5473	NC_022084	775865	776072	-	208	0	0	0
Thermococcus_sp_AMTc94	TAMTC94_v1_1588.mRNA.0	Thermococcus_EXT11c	11137	399319	399541	-	223	0	0	0
Thermococcus_sp_AMTc94	TAMTC94_v1_1671.mRNA.0	Thermococcus_AMTc51	10770	1359851	1359998	+	148	0	0	0
Thermococcus_sp_AMTc94	TAMTC94_v1_1767.mRNA.0	Thermococcus_atlanticus_DSM_15226	11783	749832	750087	-	256	0	0	0
Thermococcus_sp_AMTc94	TAMTC94_v1_1852.mRNA.0	Thermococcus_sp_AMTc79	11778	1932427	1932490	+	64	0	0	0
Thermococcus_sp_AMTc94	TAMTC94_v1_2177.mRNA.0	Thermococcus_sp_AMTc09	12160	1770474	1770555	-	82	0	0	0
Thermococcus_sp_CIR_03a	TCIR03A_v1_0019.mRNA.0	Thermococcus_sp_E10P11	11811	1700259	1700418	+	160	0	0	0
Thermococcus_sp_CIR_03a	TCIR03A_v1_0390.mRNA.0	GCA_000022545@Thermococcus_sibiricus_MM_739	NC_012883	521388	521565	-	178	0	0	0
Thermococcus_sp_CIR_03a	TCIR03A_v1_0919.mRNA.0	GCA_000018365@Thermococcus_onnurineus_NA1	NC_011529	1828778	1828961	-	79	0	0	105
Thermococcus_sp_CIR_03a	TCIR03A_v1_0959.mRNA.0	GCA_002214485@Thermococcus_pacificus_P4	NZ_CP015102	626883	627048	+	166	0	0	0
Thermococcus_sp_CIR_03a	TCIR03A_v1_1214.mRNA.0	Pyrococcus_31_3	7490	1837897	1838095	-	199	0	0	0
Thermococcus_sp_CIR_03a	TCIR03A_v1_1418.mRNA.0	Thermococcus_sp_IRI24c	11800	1118003	1118153	+	151	0	0	0
Thermococcus_sp_CIR_03a	TCIR03A_v1_1637.mRNA.0	GCA_000018365@Thermococcus_onnurineus_NA1	NC_011529	186643	186781	+	85	0	0	54
Thermococcus_sp_CIR_03a	TCIR03A_v1_1644.mRNA.0	GCA_002214545@Thermococcus_thioreducens_OGL_20P	NZ_CP015105	630851	630917	+	67	0	0	0
Thermococcus_sp_CIR_03a	TCIR03A_v1_1746.mRNA.0	GCA_000265525@Thermococcus_cleftensis_CL1	NC_018015	1544234	1544549	+	316	0	0	0
Thermococcus_sp_CIR_03a	TCIR03A_v1_1991.mRNA.0	GCA_000246985@Thermococcus_litoralis_DSM_5473	NC_022084	1376637	1376754	+	118	0	0	0
Thermococcus_sp_CIR_03a	TCIR03A_v1_2003.mRNA.0	Thermococcus_barophilus_CH1	4059	1199410	1199482	-	73	0	0	0
Thermococcus_sp_CIR_10a	TCIR10A_v1_0415.mRNA.0	GCA_002214505@Thermococcus_siculi_RG_20	NZ_CP015103	601024	601159	-	61	0	0	75
Thermococcus_sp_CIR_10a	TCIR10A_v1_0420.mRNA.0	Thermococcus_sp_E10P11	11811	1007960	1008080	-	121	0	0	0
Thermococcus_sp_CIR_10a	TCIR10A_v1_0428.mRNA.0	Thermococcus_stetteri_DSM_5262	11785	851113	851185	-	73	0	0	0
Thermococcus_sp_CIR_10a	TCIR10A_v1_0472.mRNA.0	Thermococcus_sp_E10P11	11811	768141	768378	-	238	0	0	0
Thermococcus_sp_CIR_10a	TCIR10A_v1_0608.mRNA.0	Thermococcus_sp_E10P11	11811	1506024	1506270	+	247	0	0	0
Thermococcus_sp_CIR_10a	TCIR10A_v1_0881.mRNA.0	Thermococcus_atlanticus_DSM_15226	11783	1160883	1161009	-	127	0	0	0
Thermococcus_sp_CIR_10a	TCIR10A_v1_0924.mRNA.0	Thermococcus_barophilus_DT4	4060	1179517	1179601	-	85	0	0	0
Thermococcus_sp_CIR_10a	TCIR10A_v1_1283.mRNA.0	Pyrococcus_sp_IRI_42C	8814	444904	445174	+	271	0	0	0
Thermococcus_sp_CIR_10a	TCIR10A_v1_1376.mRNA.0	GCA_000151105@Thermococcus_barophilus_MP	NC_014804	722312	722435	+	124	0	0	0
Thermococcus_sp_CIR_10a	TCIR10A_v1_1509.mRNA.0	GCA_000517445@Thermococcus_paralvinellae_ES1	NZ_CP006965	774009	774126	-	88	0	0	30
Thermococcus_sp_CIR_10a	TCIR10A_v1_1655.mRNA.0	GCA_000816105@Thermococcus_guaymasensis_DSM_11113	NZ_CP007140	1877304	1877550	+	247	0	0	0
Thermococcus_sp_CIR_10a	TCIR10A_v1_1695.mRNA.0	Thermococcus_sp_DS1	7110	666570	666681	+	112	0	0	0
Thermococcus_sp_CIR_10a	TCIR10A_v1_1805.mRNA.0	Thermococcus_AMTc30	10769	686196	686412	+	217	0	0	0
Thermococcus_sp_CIR_10a	TCIR10A_v1_1937.mRNA.0	Thermococcus_barophilus_DT4	4060	341018	341159	-	142	0	0	0
Thermococcus_sp_CIR_10a	TCIR10A_v1_2063.mRNA.0	GCA_001577775@Pyrococcus_kukulkanii_NCB100	NZ_CP010835	1600082	1600301	+	220	0	0	0
Thermococcus_sp_CIR_10a	TCIR10A_v1_2077.mRNA.0	GCA_002214545@Thermococcus_thioreducens_OGL_20P	NZ_CP015105	495297	495456	-	61	0	0	99
Thermococcus_sp_CIR_10a	TCIR10A_v1_2217.mRNA.0	GCA_000517445@Thermococcus_paralvinellae_ES1	NZ_CP006965	265913	266009	-	97	0	0	0
Thermococcus_sp_CIR_10a	TCIR10A_v1_2478.mRNA.0	GCA_000517445@Thermococcus_paralvinellae_ES1	NZ_CP006965	45897	45969	-	73	0	0	0
Thermococcus_sp_DS1	TDS1_v1_0255.mRNA.0	Thermococcus_atlanticus_DSM_15226	11783	1012173	1012302	-	130	0	0	0
Thermococcus_sp_DS1	TDS1_v1_0718.mRNA.0	GCA_001647085@Thermococcus_piezophilus_CDGS	NZ_CP015520	1637687	1637900	-	214	0	0	0
Thermococcus_sp_DS1	TDS1_v1_0847.mRNA.0	Thermococcus_sp_IRI_05c	8817	1353406	1353532	+	127	0	0	0
Thermococcus_sp_DS1	TDS1_v1_1055.mRNA.0	Thermococcus_sp_IRI_05c	8817	1623462	1623648	+	187	0	0	0
Thermococcus_sp_DS1	TDS1_v1_1263.mRNA.0	Thermococcus_AMTc11	7483	1637176	1637266	-	91	0	0	0
Thermococcus_sp_E10P11	TE10P11_v1_0210.mRNA.0	Thermococcus_31_3	7489	928512	928665	-	125	0	5	0
Thermococcus_sp_E10P11	TE10P11_v1_0397.mRNA.0	Thermococcus_atlanticus_DSM_15226	11783	254008	254185	+	178	0	0	0
Thermococcus_sp_E10P11	TE10P11_v1_0786.mRNA.0	Thermococcus_IRI_06c	12654	79063	79216	-	154	0	0	0
Thermococcus_sp_E10P11	TE10P11_v1_0787.mRNA.0	GCA_001647085@Thermococcus_piezophilus_CDGS	NZ_CP015520	1185016	1185100	-	85	0	0	0
Thermococcus_sp_E10P11	TE10P11_v1_0978.mRNA.0	Thermococcus_sp_AMTc79	11778	762234	762384	+	151	0	0	0
Thermococcus_sp_E10P11	TE10P11_v1_1975.mRNA.0	Thermococcus_atlanticus_DSM_15226	11783	862886	863042	+	157	0	0	0
Thermococcus_sp_E10P11	TE10P11_v1_2072.mRNA.0	GCA_000246985@Thermococcus_litoralis_DSM_5473	NC_022084	643609	643969	+	361	0	0	0
Thermococcus_sp_E10P8	TE10P8_v1_0209.mRNA.0	Thermococcus_31_3	7489	928512	928665	-	125	0	5	0
Thermococcus_sp_E10P8	TE10P8_v1_0396.mRNA.0	Thermococcus_atlanticus_DSM_15226	11783	254008	254185	+	178	0	0	0
Thermococcus_sp_E10P8	TE10P8_v1_0785.mRNA.0	Thermococcus_IRI_06c	12654	79063	79216	-	154	0	0	0
Thermococcus_sp_E10P8	TE10P8_v1_0786.mRNA.0	GCA_001647085@Thermococcus_piezophilus_CDGS	NZ_CP015520	1185016	1185100	-	85	0	0	0
Thermococcus_sp_E10P8	TE10P8_v1_0977.mRNA.0	Thermococcus_sp_AMTc79	11778	762234	762384	+	151	0	0	0
Thermococcus_sp_E10P8	TE10P8_v1_1974.mRNA.0	Thermococcus_atlanticus_DSM_15226	11783	862886	863042	+	157	0	0	0
Thermococcus_sp_E10P8	TE10P8_v1_2071.mRNA.0	GCA_000246985@Thermococcus_litoralis_DSM_5473	NC_022084	643609	643969	+	361	0	0	0
Thermococcus_sp_E15p33	TE15P33_v1_0083.mRNA.0	GCA_000265525@Thermococcus_cleftensis_CL1	NC_018015	1115734	1115893	+	160	0	0	0
Thermococcus_sp_E15p33	TE15P33_v1_0657.mRNA.0	GCA_000246985@Thermococcus_litoralis_DSM_5473	NC_022084	764282	764507	-	226	0	0	0
Thermococcus_sp_E15p33	TE15P33_v1_0712.mRNA.0	GCA_001647085@Thermococcus_piezophilus_CDGS	NZ_CP015520	1185016	1185100	-	85	0	0	0
Thermococcus_sp_E15p33	TE15P33_v1_0739.mRNA.0	Thermococcus_AMTc85	10774	1037495	1037669	-	175	0	0	0
Thermococcus_sp_E15p33	TE15P33_v1_1321.mRNA.0	Thermococcus_AMTc11	7483	2241148	2241280	-	127	0	5	0
Thermococcus_sp_E15p33	TE15P33_v1_1353.mRNA.0	GCA_000009965@Thermococcus_kodakarensis_KOD1	NC_006624	85330	85420	+	79	0	12	0
Thermococcus_sp_E15p33	TE15P33_v1_1412.mRNA.0	Pyrococcus_sp_EXT_15c	8813	760092	760203	+	76	0	0	36
Thermococcus_sp_E15p33	TE15P33_v1_2138.mRNA.0	Thermococcus_sp_IRI_05c	8817	1989077	1989407	+	331	0	0	0
Thermococcus_sp_E15p33	TE15P33_v1_2160.mRNA.0	Thermococcus_AMTc30	10769	1596967	1597039	-	73	0	0	0
Thermococcus_sp_EXT09c	TEXT09C_v1_0716.mRNA.0	Thermococcus_atlanticus_DSM_15226	11783	302108	302282	+	175	0	0	0
Thermococcus_sp_EXT09c	TEXT09C_v1_0729.mRNA.0	GCA_001433455@Thermococcus_barophilus_CH5	NZ_CP013050	24338	24437	+	0	0	0	100
Thermococcus_sp_EXT09c	TEXT09C_v1_1558.mRNA.0	GCA_000151205@Thermococcus_sp_AM4	NC_016051	129443	129563	-	121	0	0	0
Thermococcus_sp_EXT09c	TEXT09C_v1_1656.mRNA.0	Thermococcus_sp_E10P11	11811	624707	624797	-	0	0	91	0
Thermococcus_sp_EXT09c	TEXT09C_v1_1739.mRNA.0	Thermococcus_sp_E10P11	11811	705197	705356	-	160	0	0	0
Thermococcus_sp_EXT09c	TEXT09C_v1_1753.mRNA.0	GCA_001647085@Thermococcus_piezophilus_CDGS	NZ_CP015520	1185007	1185082	-	76	0	0	0
Thermococcus_sp_EXT09c	TEXT09C_v1_1777.mRNA.0	GCA_001577775@Pyrococcus_kukulkanii_NCB100	NZ_CP010835	1951055	1951142	-	88	0	0	0
Thermococcus_sp_IRI_05c	TIRI05C_v1_0066.mRNA.0	Thermococcus_23_2	7487	726378	726468	+	91	0	0	0
Thermococcus_sp_IRI_05c	TIRI05C_v1_0132.mRNA.0	Thermococcus_sp_AMTc71	13480	1303371	1303485	-	115	0	0	0
Thermococcus_sp_IRI_05c	TIRI05C_v1_0288.mRNA.0	Thermococcus_23_2	7487	934487	934562	-	76	0	0	0
Thermococcus_sp_IRI_05c	TIRI05C_v1_0431.mRNA.0	GCA_000246985@Thermococcus_litoralis_DSM_5473	NC_022084	775917	776112	+	196	0	0	0
Thermococcus_sp_IRI_05c	TIRI05C_v1_0855.mRNA.0	Thermococcus_23_2	7487	1398957	1399035	+	79	0	0	0
Thermococcus_sp_IRI_05c	TIRI05C_v1_1666.mRNA.0	Thermococcus_15_2	7488	977111	977225	+	115	0	0	0
Thermococcus_sp_IRI_05c	TIRI05C_v1_1846.mRNA.0	GCA_000018365@Thermococcus_onnurineus_NA1	NC_011529	206793	207075	+	283	0	0	0
Thermococcus_sp_IRI_05c	TIRI05C_v1_1912.mRNA.0	GCA_006274605@Thermococcus_indicus_IOH1	NZ_CP040846	703658	703733	-	76	0	0	0
Thermococcus_sp_IRI10c	TIRI10C_v1_0328.mRNA.0	Thermococcus_AMTc11	7483	2022108	2022426	+	319	0	0	0
Thermococcus_sp_IRI10c	TIRI10C_v1_1272.mRNA.0	GCA_002214545@Thermococcus_thioreducens_OGL_20P	NZ_CP015105	356044	356161	+	118	0	0	0
Thermococcus_sp_IRI10c	TIRI10C_v1_1301.mRNA.0	GCA_008152015@Thermococcus_aciditolerans_SY113	NZ_CP041932	1046107	1046161	+	55	0	0	0
Thermococcus_sp_IRI10c	TIRI10C_v1_1464.mRNA.0	GCA_000018365@Thermococcus_onnurineus_NA1	NC_011529	1692207	1692348	-	122	0	20	0
Thermococcus_sp_IRI10c	TIRI10C_v1_1509.mRNA.0	GCA_000221185@Thermococcus_sp_4557	NC_015865	1213100	1213250	+	151	0	0	0
Thermococcus_sp_IRI10c	TIRI10C_v1_2018.mRNA.0	GCA_000215995@Pyrococcus_yayanosii_CH1	NC_015680	1230624	1230894	+	232	0	39	0
Thermococcus_sp_IRI10c	TIRI10C_v1_2161.mRNA.0	Pyrococcus_31_3	7490	10647	10821	+	175	0	0	0
Thermococcus_sp_IRI14c	TIRI14C_v1_0010.mRNA.0	Pyrococcus_31_3	7490	723086	723173	-	88	0	0	0
Thermococcus_sp_IRI14c	TIRI14C_v1_0034.mRNA.0	GCA_000215995@Pyrococcus_yayanosii_CH1	NC_015680	217088	217187	+	100	0	0	0
Thermococcus_sp_IRI14c	TIRI14C_v1_0184.mRNA.0	GCA_000018365@Thermococcus_onnurineus_NA1	NC_011529	23288	23354	-	53	0	0	14
Thermococcus_sp_IRI14c	TIRI14C_v1_0267.mRNA.0	GCA_008152015@Thermococcus_aciditolerans_SY113	NZ_CP041932	1046107	1046161	+	55	0	0	0
Thermococcus_sp_IRI14c	TIRI14C_v1_0273.mRNA.0	Thermococcus_sp_CIR_03a	8822	895124	895208	-	0	85	0	0
Thermococcus_sp_IRI14c	TIRI14C_v1_0374.mRNA.0	Thermococcus_sp_AMTc71	13480	1484673	1484805	+	133	0	0	0
Thermococcus_sp_IRI14c	TIRI14C_v1_0397.mRNA.0	GCA_000018365@Thermococcus_onnurineus_NA1	NC_011529	1692207	1692348	-	122	0	20	0
Thermococcus_sp_IRI14c	TIRI14C_v1_0442.mRNA.0	GCA_000221185@Thermococcus_sp_4557	NC_015865	1213100	1213250	+	151	0	0	0
Thermococcus_sp_IRI14c	TIRI14C_v1_0913.mRNA.0	GCA_000215995@Pyrococcus_yayanosii_CH1	NC_015680	1230624	1230894	+	232	0	39	0
Thermococcus_sp_IRI14c	TIRI14C_v1_1058.mRNA.0	Pyrococcus_31_3	7490	10647	10821	+	175	0	0	0
Thermococcus_sp_IRI14c	TIRI14C_v1_1430.mRNA.0	GCA_001577775@Pyrococcus_kukulkanii_NCB100	NZ_CP010835	1224422	1224938	+	517	0	0	0
Thermococcus_sp_IRI14c	TIRI14C_v1_1559.mRNA.0	Thermococcus_AMTc11	7483	2022108	2022426	+	319	0	0	0
Thermococcus_sp_IRI14c	TIRI14C_v1_1813.mRNA.0	GCA_904067545@Thermococcus_camini_IRI35c	NZ_LR881183	905767	905839	+	73	0	0	0
Thermococcus_sp_IRI24c	TIRI24C_v1_0513.mRNA.0	GCA_002214605@Thermococcus_chitonophagus	NZ_CP015193	173548	173644	-	97	0	0	0
Thermococcus_sp_IRI24c	TIRI24C_v1_0721.mRNA.0	GCA_904067545@Thermococcus_camini_IRI35c	NZ_LR881183	1418665	1418809	+	145	0	0	0
Thermococcus_sp_IRI24c	TIRI24C_v1_0722.mRNA.0	GCA_000265525@Thermococcus_cleftensis_CL1	NC_018015	1541201	1541294	+	94	0	0	0
Thermococcus_sp_IRI24c	TIRI24C_v1_0840.mRNA.0	Thermococcus_sp_IRI27c2	11807	1785377	1785626	-	250	0	0	0
Thermococcus_sp_IRI24c	TIRI24C_v1_0892.mRNA.0	Pyrococcus_31_3	7490	10647	10821	+	175	0	0	0
Thermococcus_sp_IRI24c	TIRI24C_v1_1002.mRNA.0	Thermococcus_23_2	7487	977326	977380	+	55	0	0	0
Thermococcus_sp_IRI24c	TIRI24C_v1_1111.mRNA.0	Thermococcus_23_2	7487	1085326	1085443	-	92	0	26	0
Thermococcus_sp_IRI24c	TIRI24C_v1_1348.mRNA.0	Thermococcus_23_2	7487	835006	835159	-	154	0	0	0
Thermococcus_sp_IRI24c	TIRI24C_v1_1431.mRNA.0	GCA_000018365@Thermococcus_onnurineus_NA1	NC_011529	1574845	1574971	-	127	0	0	0
Thermococcus_sp_IRI24c	TIRI24C_v1_1498.mRNA.0	GCA_000018365@Thermococcus_onnurineus_NA1	NC_011529	1627827	1627986	-	124	0	0	36
Thermococcus_sp_IRI24c	TIRI24C_v1_1499.mRNA.0	GCA_000517445@Thermococcus_paralvinellae_ES1	NZ_CP006965	1606334	1606415	+	82	0	0	0
Thermococcus_sp_IRI24c	TIRI24C_v1_1515.mRNA.0	GCA_000221185@Thermococcus_sp_4557	NC_015865	1213100	1213250	+	151	0	0	0
Thermococcus_sp_IRI24c	TIRI24C_v1_1544.mRNA.0	GCA_000221185@Thermococcus_sp_4557	NC_015865	1167062	1167161	+	100	0	0	0
Thermococcus_sp_IRI24c	TIRI24C_v1_1553.mRNA.0	Thermococcus_atlanticus_DSM_15226	11783	1250001	1250106	+	40	0	66	0
Thermococcus_sp_IRI24c	TIRI24C_v1_1561.mRNA.0	GCA_000018365@Thermococcus_onnurineus_NA1	NC_011529	1692207	1692348	-	122	0	20	0
Thermococcus_sp_IRI24c	TIRI24C_v1_1711.mRNA.0	GCA_008152015@Thermococcus_aciditolerans_SY113	NZ_CP041932	1046107	1046161	+	55	0	0	0
Thermococcus_sp_IRI24c	TIRI24C_v1_1714.mRNA.0	Thermococcus_sp_AMTc71	13480	1754934	1755105	+	172	0	0	0
Thermococcus_sp_IRI24c	TIRI24C_v1_1758.mRNA.0	GCA_000018365@Thermococcus_onnurineus_NA1	NC_011529	1834430	1834724	+	295	0	0	0
Thermococcus_sp_IRI24c	TIRI24C_v1_1967.mRNA.0	Pyrococcus_31_3	7490	723086	723173	-	88	0	0	0
Thermococcus_sp_IRI25c	TIRI25C_v1_0010.mRNA.0	Pyrococcus_31_3	7490	723086	723173	-	88	0	0	0
Thermococcus_sp_IRI25c	TIRI25C_v1_0034.mRNA.0	GCA_000215995@Pyrococcus_yayanosii_CH1	NC_015680	217088	217187	+	100	0	0	0
Thermococcus_sp_IRI25c	TIRI25C_v1_0267.mRNA.0	GCA_008152015@Thermococcus_aciditolerans_SY113	NZ_CP041932	1046107	1046161	+	55	0	0	0
Thermococcus_sp_IRI25c	TIRI25C_v1_0273.mRNA.0	Thermococcus_sp_CIR_03a	8822	895124	895208	-	0	85	0	0
Thermococcus_sp_IRI25c	TIRI25C_v1_0375.mRNA.0	Thermococcus_sp_AMTc71	13480	1484673	1484805	+	133	0	0	0
Thermococcus_sp_IRI25c	TIRI25C_v1_0398.mRNA.0	GCA_000018365@Thermococcus_onnurineus_NA1	NC_011529	1692207	1692348	-	122	0	20	0
Thermococcus_sp_IRI25c	TIRI25C_v1_0443.mRNA.0	GCA_000221185@Thermococcus_sp_4557	NC_015865	1213100	1213250	+	151	0	0	0
Thermococcus_sp_IRI25c	TIRI25C_v1_0917.mRNA.0	GCA_000215995@Pyrococcus_yayanosii_CH1	NC_015680	1230624	1230894	+	232	0	39	0
Thermococcus_sp_IRI25c	TIRI25C_v1_1056.mRNA.0	Pyrococcus_31_3	7490	10647	10821	+	175	0	0	0
Thermococcus_sp_IRI25c	TIRI25C_v1_1426.mRNA.0	GCA_001577775@Pyrococcus_kukulkanii_NCB100	NZ_CP010835	1224422	1224938	+	517	0	0	0
Thermococcus_sp_IRI25c	TIRI25C_v1_1554.mRNA.0	Thermococcus_AMTc11	7483	2022108	2022426	+	319	0	0	0
Thermococcus_sp_IRI27c2	TIRI27C2_v1_0725.mRNA.0	Thermococcus_sp_AMTc71	13480	1893372	1893501	+	130	0	0	0
Thermococcus_sp_IRI27c2	TIRI27C2_v1_0853.mRNA.0	Pyrococcus_31_3	7490	723086	723173	-	88	0	0	0
Thermococcus_sp_IRI27c2	TIRI27C2_v1_1101.mRNA.0	Thermococcus_sp_AMTc71	13480	1754934	1755105	+	172	0	0	0
Thermococcus_sp_IRI27c2	TIRI27C2_v1_1104.mRNA.0	GCA_008152015@Thermococcus_aciditolerans_SY113	NZ_CP041932	1046107	1046161	+	55	0	0	0
Thermococcus_sp_IRI27c2	TIRI27C2_v1_1256.mRNA.0	GCA_000018365@Thermococcus_onnurineus_NA1	NC_011529	1692207	1692348	-	122	0	20	0
Thermococcus_sp_IRI27c2	TIRI27C2_v1_1264.mRNA.0	Thermococcus_atlanticus_DSM_15226	11783	1250001	1250106	+	40	0	66	0
Thermococcus_sp_IRI27c2	TIRI27C2_v1_1316.mRNA.0	GCA_000018365@Thermococcus_onnurineus_NA1	NC_011529	1627827	1627986	-	124	0	0	36
Thermococcus_sp_IRI27c2	TIRI27C2_v1_1436.mRNA.0	Thermococcus_coalescens_TS1	14020	1107972	1108068	+	97	0	0	0
Thermococcus_sp_IRI27c2	TIRI27C2_v1_1919.mRNA.0	Pyrococcus_31_3	7490	10647	10821	+	175	0	0	0
Thermococcus_sp_IRI27c2	TIRI27C2_v1_2087.mRNA.0	GCA_904067545@Thermococcus_camini_IRI35c	NZ_LR881183	1418665	1418809	+	145	0	0	0
Thermococcus_sp_IRI29c	TIRI29C_v1_1059.mRNA.0	GCA_000018365@Thermococcus_onnurineus_NA1	NC_011529	1834430	1834724	+	295	0	0	0
Thermococcus_sp_IRI29c	TIRI29C_v1_1103.mRNA.0	Thermococcus_sp_AMTc71	13480	1754934	1755105	+	172	0	0	0
Thermococcus_sp_IRI29c	TIRI29C_v1_1106.mRNA.0	GCA_008152015@Thermococcus_aciditolerans_SY113	NZ_CP041932	1046107	1046161	+	55	0	0	0
Thermococcus_sp_IRI29c	TIRI29C_v1_1258.mRNA.0	GCA_000018365@Thermococcus_onnurineus_NA1	NC_011529	1692207	1692348	-	122	0	20	0
Thermococcus_sp_IRI29c	TIRI29C_v1_1266.mRNA.0	Thermococcus_atlanticus_DSM_15226	11783	1250001	1250106	+	40	0	66	0
Thermococcus_sp_IRI29c	TIRI29C_v1_1275.mRNA.0	GCA_000221185@Thermococcus_sp_4557	NC_015865	1167062	1167161	+	100	0	0	0
Thermococcus_sp_IRI29c	TIRI29C_v1_1304.mRNA.0	GCA_000221185@Thermococcus_sp_4557	NC_015865	1213100	1213250	+	151	0	0	0
Thermococcus_sp_IRI29c	TIRI29C_v1_1321.mRNA.0	GCA_000018365@Thermococcus_onnurineus_NA1	NC_011529	1627827	1627986	-	124	0	0	36
Thermococcus_sp_IRI29c	TIRI29C_v1_1388.mRNA.0	GCA_000018365@Thermococcus_onnurineus_NA1	NC_011529	1574845	1574971	-	127	0	0	0
Thermococcus_sp_IRI29c	TIRI29C_v1_1600.mRNA.0	Thermococcus_sp_DS1	7110	1762637	1762700	+	64	0	0	0
Thermococcus_sp_IRI29c	TIRI29C_v1_1815.mRNA.0	Thermococcus_23_2	7487	977326	977380	+	55	0	0	0
Thermococcus_sp_IRI29c	TIRI29C_v1_1818.mRNA.0	Thermococcus_sp_AMTc71	13480	950903	950972	-	70	0	0	0
Thermococcus_sp_IRI29c	TIRI29C_v1_1925.mRNA.0	Pyrococcus_31_3	7490	10647	10821	+	175	0	0	0
Thermococcus_sp_IRI29c	TIRI29C_v1_2095.mRNA.0	GCA_904067545@Thermococcus_camini_IRI35c	NZ_LR881183	1418665	1418809	+	145	0	0	0
Thermococcus_sp_IRI29c	TIRI29C_v1_2194.mRNA.0	Thermococcus_prieuri_Col3	7494	582217	582322	+	106	0	0	0
Thermococcus_sp_IRI29c	TIRI29C_v1_2200.mRNA.0	Thermococcus_23_2	7487	1468657	1468738	-	82	0	0	0
Thermococcus_sp_IRI29c	TIRI29C_v1_2305.mRNA.0	GCA_002214605@Thermococcus_chitonophagus	NZ_CP015193	173548	173644	-	97	0	0	0
Thermococcus_sp_IRI_33c	TIRI33C_v1_0045.mRNA.0	GCA_002214545@Thermococcus_thioreducens_OGL_20P	NZ_CP015105	1220687	1220750	-	64	0	0	0
Thermococcus_sp_IRI_33c	TIRI33C_v1_0215.mRNA.0	Thermococcus_IRI15c	11152	1268044	1268155	-	112	0	0	0
Thermococcus_sp_IRI_33c	TIRI33C_v1_0342.mRNA.0	GCA_000246985@Thermococcus_litoralis_DSM_5473	NC_022084	651759	651999	-	241	0	0	0
Thermococcus_sp_IRI_33c	TIRI33C_v1_0388.mRNA.0	GCA_002214545@Thermococcus_thioreducens_OGL_20P	NZ_CP015105	1519770	1519875	-	106	0	0	0
Thermococcus_sp_IRI_33c	TIRI33C_v1_0631.mRNA.0	Thermococcus_atlanticus_DSM_15226	11783	1769275	1769386	+	112	0	0	0
Thermococcus_sp_IRI_33c	TIRI33C_v1_1180.mRNA.0	GCA_000517445@Thermococcus_paralvinellae_ES1	NZ_CP006965	1606334	1606415	+	82	0	0	0
Thermococcus_sp_IRI_33c	TIRI33C_v1_1375.mRNA.0	Thermococcus_23_2	7487	549017	549092	+	76	0	0	0
Thermococcus_sp_IRI_33c	TIRI33C_v1_1560.mRNA.0	Thermococcus_atlanticus_DSM_15226	11783	1970305	1970425	+	121	0	0	0
Thermococcus_sp_TPV	TPTPV_v1_a0193.mRNA.0	GCA_000195935@Pyrococcus_abyssi_GE5	NC_000868	1522077	1522221	-	145	0	0	0
Thermococcus_sp_TPV	TPTPV_v1_a1038.mRNA.0	GCA_002214485@Thermococcus_pacificus_P4	NZ_CP015102	1080290	1080467	+	178	0	0	0
Thermococcus_sp_TPV	TPTPV_v1_a1291.mRNA.0	Thermococcus_AMTc11	7483	1918269	1918395	-	63	64	0	0
Thermococcus_sp_TPV	TPTPV_v1_a1692.mRNA.0	Thermococcus_sp_E10P11	11811	1915350	1915434	-	85	0	0	0
Thermococcus_sp_TPV	TPTPV_v1_a1791.mRNA.0	Thermococcus_AMTc85	10774	310215	310908	+	694	0	0	0
Thermococcus_sp_TPV	TPTPV_v1_a1997.mRNA.0	Thermococcus_15_2	7488	226243	226330	-	88	0	0	0
Thermococcus_sp_unknown	THERMO_v1_0011.mRNA.0	GCA_900198835@Thermococcus_henrietii_EXT12c	NZ_LT900021	1910451	1910601	+	151	0	0	0
Thermococcus_sp_unknown	THERMO_v1_0063.mRNA.0	Thermococcus_23_2	7487	956011	956191	+	133	0	0	48
Thermococcus_sp_unknown	THERMO_v1_1490.mRNA.0	Thermococcus_sp_E10P11	11811	833651	833858	+	208	0	0	0
Thermococcus_sp_unknown	THERMO_v1_1577.mRNA.0	GCA_006274605@Thermococcus_indicus_IOH1	NZ_CP040846	1926738	1926900	-	163	0	0	0
Thermococcus_stetteri_DSM_5262	THSTET_v1_0346.mRNA.0	GCA_008152015@Thermococcus_aciditolerans_SY113	NZ_CP041932	335100	335169	-	0	0	0	70
Thermococcus_stetteri_DSM_5262	THSTET_v1_0491.mRNA.0	Thermococcus_IRI_06c	12654	1308069	1308147	+	79	0	0	0
Thermococcus_stetteri_DSM_5262	THSTET_v1_1332.mRNA.0	Pyrococcus_31_3	7490	723086	723173	-	88	0	0	0
Thermococcus_stetteri_DSM_5262	THSTET_v1_1847.mRNA.0	GCA_002214525@Thermococcus_sp_P6	NZ_CP015104	1016498	1016603	-	106	0	0	0
Thermococcus_stetteri_DSM_5262	THSTET_v1_2109.mRNA.0	Thermococcus_aegaeus_DSM_12767	11780	769601	769688	-	62	0	26	0
Thermococcus_waiotapuensis_WT1	TWAIO_v1_0115.mRNA.0	Thermococcus_E15P35	10971	893139	893223	-	85	0	0	0
Thermococcus_waiotapuensis_WT1	TWAIO_v1_0746.mRNA.0	Thermococcus_atlanticus_DSM_15226	11783	1788069	1788336	-	268	0	0	0
Thermococcus_waiotapuensis_WT1	TWAIO_v1_0965.mRNA.0	Thermococcus_fumicolans_ST557	14021	1015616	1015745	+	130	0	0	0
Thermococcus_waiotapuensis_WT1	TWAIO_v1_1044.mRNA.0	GCA_000022365@Thermococcus_gammatolerans_EJ3	NC_012804	1543528	1543585	-	58	0	0	0
Thermococcus_waiotapuensis_WT1	TWAIO_v1_1541.mRNA.0	GCA_002214385@Thermococcus_gorgonarius_W_12	NZ_CP014855	631679	631814	-	136	0	0	0
Thermococcus_waiotapuensis_WT1	TWAIO_v1_1692.mRNA.0	GCA_002214465@Thermococcus_barossii_SHCK_94	NZ_CP015101	526677	526764	-	88	0	0	0
